Application ID,Applicant Name,Email,Intended Major,High School State,Application Fee,Submission Date,Email Domain
1352.0,Wanda Doe,gmail.com,Math,NV,$297.91,pending,gmail.com
1689.0,Peter Jones,edu.org,Journalism,,"$1,939.68",08/14/2023,edu.org
1485.0,Wanda Maximoff,yahoo.com,Math,, $277.90 ,2023/06/06,yahoo.com
1388.0,Peter Parker,yahoo.com,Agriculture,AZ,$370.25,2023-02-24,yahoo.com
1031.0,Bruce Rogers,stark.com,Physics,NV,$53.93,"Oct 16, 2023",stark.com
1442.0,Diana Stone,outlook.com,,NV,"$1,220.80",07/26/2023,outlook.com
1198.0,Charlie Jane,stark.com,Biology,WA, $403.84 ,03-17-2023,stark.com
1425.0,Peter Rogers,stark.com,Physics,WA,$185.89,"Aug 26, 2023",stark.com
1107.0,John Jane,gmail.com,Art,KS,"$1,106.45",09/16/2023,gmail.com
1714.0,Wanda Wayne,gmail.com,Biology,,"$1,953.69",02/21/2023,gmail.com
1552.0,Peter Jordan,skynet.com,History,OR,"$1,851.00","Oct 07, 2023",skynet.com
1675.0,Mary Curry,gmail.com,Journalism,NV,$126.93,04/18/2023,gmail.com
1158.0,Alice Allen,dailybugle.com,Art,NV,"$1,970.98",2023-02-18,dailybugle.com
1475.0,Hal Connor,skynet.com,,FL," $1,262.67 ",pending,skynet.com
1423.0,Charlie Parker,stark.com,,,"$1,903.80",2023-07-24,stark.com
1210.0,Bruce Allen,skynet.com,Computer Science,AZ,"$1,160.63",08-30-2023,skynet.com
,Clark Jones,edu.org,Agriculture,,"$1,637.85",05-29-2023,edu.org
1483.0,Arthur Parker,dailybugle.com,Physics,NV,"$1,824.77",2023-06-03,dailybugle.com
1884.0,Diana Allen,skynet.com,Math,CA," $1,867.95 ",unknown,skynet.com
1650.0,Arthur Kent,dailybugle.com,Business,CA,"$1,614.79",2023-12-14,dailybugle.com
1244.0,Wanda Jones,outlook.com,,NY,$570.27,04/10/2023,outlook.com
1847.0,Peter Jordan,skynet.com,,TX,"$1,479.42",06/21/2023,skynet.com
1982.0,Clark Prince,outlook.com,Math,CA,"$1,390.56",2023/07/02,outlook.com
1828.0,Peter Kent,yahoo.com,Journalism,AZ,$965.11,2023/05/20,yahoo.com
,Barry Brown,stark.com,Physics,NJ, $940.37 ,08-16-2023,stark.com
1059.0,Victor Connor,stark.com,Agriculture,NJ,"$1,493.12",02/28/2023,stark.com
1290.0,Clark Smith,stark.com,,CA, $721.85 ,08-01-2023,stark.com
1070.0,Arthur Jane,outlook.com,Journalism,,"$1,014.83",2023-09-04,outlook.com
1344.0,Wanda Wayne,dailybugle.com,Physics,CA," $1,345.60 ",01/07/2023,dailybugle.com
1184.0,Steve Allen,yahoo.com,,CA," $1,791.53 ",01-30-2023,yahoo.com
1141.0,Hal Jones,outlook.com,Physics,KS,$721.40,06/07/2023,outlook.com
1390.0,Wanda Prince,outlook.com,Business,NY," $1,789.51 ",12/14/2023,outlook.com
1491.0,Diana Jordan,yahoo.com,Art,OR,$769.33,"Dec 24, 2023",yahoo.com
1826.0,Bruce Curry,skynet.com,Journalism,TX," $1,930.95 ",2023/10/21,skynet.com
1101.0,Charlie Stone,outlook.com,Journalism,FL, $692.05 ,05-26-2023,outlook.com
1749.0,Alice Brown,yahoo.com,History,WA,"$1,982.01",04-22-2023,yahoo.com
1551.0,Mary Stone,dailybugle.com,Physics,KS,"$1,485.86",11/06/2023,dailybugle.com
1306.0,Peter Brown,stark.com,,TX,$634.99,2023-03-02,stark.com
1986.0,Alice Doe,stark.com,Engineering,NV,$786.35,2023-04-11,stark.com
1321.0,Wanda Curry,skynet.com,Journalism,CA,$416.52,unknown,skynet.com
1799.0,Diana Jones,gmail.com,Art,NV,$322.20,unknown,gmail.com
1730.0,Hal Kent,skynet.com,,NV," $1,490.91 ",07/27/2023,skynet.com
1677.0,Steve Smith,outlook.com,Business,TX," $1,636.59 ",unknown,outlook.com
1653.0,John Maximoff,gmail.com,Computer Science,AZ," $1,102.90 ",2023-08-14,gmail.com
1076.0,Wanda Allen,stark.com,Journalism,TX,$152.76,"Sep 29, 2023",stark.com
1192.0,Hal Allen,edu.org,,NJ,$40.16,unknown,edu.org
,Steve Allen,gmail.com,Engineering,NV,$294.70,04-24-2023,gmail.com
1458.0,Bruce Stone,stark.com,Art,TX, $1.09 ,2023-09-04,stark.com
1439.0,Sara Prince,yahoo.com,Journalism,NY,"$1,697.19",08-01-2023,yahoo.com
1918.0,Peter Rogers,stark.com,Journalism,,"$1,947.44",2023-10-24,stark.com
1660.0,Mary Wayne,dailybugle.com,History,WA, $459.53 ,2023/03/06,dailybugle.com
1309.0,John Kent,gmail.com,Agriculture,OR," $1,375.73 ",05/07/2023,gmail.com
1743.0,Barry Maximoff,stark.com,Physics,AZ,$597.71,02/15/2023,stark.com
,Wanda Maximoff,skynet.com,History,OR, $873.30 ,06/25/2023,skynet.com
,Arthur Smith,gmail.com,Art,,$633.03,"Jun 15, 2023",gmail.com
1616.0,Steve Prince,dailybugle.com,,OR,$283.67,08/31/2023,dailybugle.com
,Mary Maximoff,dailybugle.com,Engineering,OR,"$1,960.49",2023-10-10,dailybugle.com
1199.0,Bob Jones,stark.com,Art,WA,$225.04,"Oct 18, 2023",stark.com
1598.0,Peter Jordan,dailybugle.com,Journalism,OR,"$1,617.10",2023/01/06,dailybugle.com
,Alice Kent,edu.org,Math,AZ,"$1,898.85",2023-11-18,edu.org
1882.0,Diana Jane,outlook.com,Biology,TX,$899.88,"Mar 13, 2023",outlook.com
1428.0,Wanda Connor,edu.org,Engineering,OR,"$1,514.71",05/16/2023,edu.org
1497.0,Peter Jones,gmail.com,Computer Science,KS,"$1,124.11",2023/04/17,gmail.com
1603.0,Hal Doe,yahoo.com,Journalism,,$628.91,pending,yahoo.com
1010.0,Bruce Wayne,gmail.com,Engineering,FL," $1,078.47 ","Oct 20, 2023",gmail.com
,Charlie Parker,skynet.com,History,, $132.46 ,05-16-2023,skynet.com
1670.0,Bruce Brown,outlook.com,Agriculture,OR,$565.20,2023/02/15,outlook.com
,Steve Parker,skynet.com,Business,NV, $160.31 ,2023-08-24,skynet.com
1928.0,Peter Maximoff,yahoo.com,History,CA, $512.91 ,2023-07-29,yahoo.com
1557.0,Alice Wayne,outlook.com,,NV,$528.08,2023-11-10,outlook.com
1636.0,Bob Smith,stark.com,Biology,KS,$215.32,2023/03/10,stark.com
,Charlie Jane,stark.com,Journalism,WA,$687.15,"Jul 25, 2023",stark.com
1371.0,Arthur Rogers,outlook.com,Engineering,NJ,$453.56,05-28-2023,outlook.com
1834.0,Hal Brown,stark.com,Engineering,CA,"$1,289.52","Jan 27, 2023",stark.com
1582.0,Barry Maximoff,yahoo.com,Business,FL,$803.04,2023/06/25,yahoo.com
1333.0,Diana Stone,skynet.com,Business,NJ, $124.82 ,pending,skynet.com
1945.0,Charlie Jones,edu.org,Biology,WA,"$1,512.96",09/28/2023,edu.org
1210.0,Bruce Allen,skynet.com,Computer Science,AZ,"$1,160.63",08-30-2023,skynet.com
1319.0,Peter Doe,edu.org,,FL,$22.59,2023-05-25,edu.org
1457.0,Mary Wayne,skynet.com,Computer Science,NV, $406.91 ,"Jul 11, 2023",skynet.com
1088.0,Charlie Rogers,gmail.com,History,CA,$476.88,11/15/2023,gmail.com
1879.0,Barry Connor,skynet.com,Math,CA,$787.61,2023-08-29,skynet.com
1350.0,Bob Allen,stark.com,History,CA,"$1,935.03","Jun 03, 2023",stark.com
,Bob Jane,stark.com,Computer Science,FL, $913.50 ,05/16/2023,stark.com
1413.0,Bruce Doe,edu.org,Physics,,"$1,236.01",unknown,edu.org
1277.0,Wanda Stone,edu.org,Computer Science,KS,$824.41,pending,edu.org
1959.0,John Maximoff,gmail.com,Journalism,NY,$106.80,"Aug 20, 2023",gmail.com
,Mary Wayne,skynet.com,,KS," $1,536.99 ","Aug 03, 2023",skynet.com
1213.0,Alice Parker,gmail.com,History,KS,$624.18,"Sep 15, 2023",gmail.com
1096.0,Alice Brown,stark.com,,,$733.90,2023-05-23,stark.com
1078.0,Steve Maximoff,stark.com,Journalism,NY,$937.84,"May 21, 2023",stark.com
1703.0,Hal Rogers,dailybugle.com,Biology,FL," $1,526.35 ",2023-09-17,dailybugle.com
1136.0,Clark Prince,gmail.com,History,NV,$504.84,unknown,gmail.com
1208.0,Charlie Doe,edu.org,Biology,AZ,"$1,632.03",2024-01-01,edu.org
1522.0,Diana Brown,outlook.com,Computer Science,AZ, $956.57 ,2023-09-11,outlook.com
1837.0,Diana Kent,stark.com,Journalism,NJ,$785.26,pending,stark.com
,Bruce Prince,outlook.com,Art,CA," $1,679.95 ",09-26-2023,outlook.com
1568.0,Bruce Jones,skynet.com,Physics,CA,"$1,822.72",2023-03-13,skynet.com
1260.0,Bob Kent,dailybugle.com,Biology,TX,"$1,280.58",04-14-2023,dailybugle.com
1467.0,Bruce Stone,outlook.com,Computer Science,,$863.90,2023/11/17,outlook.com
1039.0,Diana Kent,yahoo.com,Engineering,NV," $1,193.58 ",2023-04-10,yahoo.com
1030.0,Victor Jordan,edu.org,,WA," $1,706.90 ","Aug 03, 2023",edu.org
1697.0,John Prince,gmail.com,,,"$1,459.10","Oct 30, 2023",gmail.com
1451.0,Charlie Brown,stark.com,Computer Science,AZ,$819.26,07/22/2023,stark.com
1054.0,Bob Stone,yahoo.com,Biology,,"$1,592.29",07/11/2023,yahoo.com
1023.0,Mary Jordan,skynet.com,Math,FL,$728.44,2023/12/07,skynet.com
1513.0,Arthur Doe,gmail.com,Biology,CA,$193.68,01/04/2023,gmail.com
1113.0,Barry Kent,outlook.com,History,OR,$634.08,2023-05-21,outlook.com
1109.0,Wanda Brown,yahoo.com,Art,NJ,"$1,187.45","Sep 18, 2023",yahoo.com
1506.0,Hal Rogers,gmail.com,Journalism,WA," $1,880.57 ",07/11/2023,gmail.com
1966.0,Victor Jones,dailybugle.com,Physics,NV,$627.39,2023-03-03,dailybugle.com
,Diana Wayne,stark.com,Art,NY,$789.44,03-14-2023,stark.com
1003.0,Barry Connor,skynet.com,Physics,NJ,"$1,979.05",2023-10-13,skynet.com
1275.0,Hal Jane,gmail.com,Physics,,"$1,863.18",2023-04-28,gmail.com
1656.0,Bob Wayne,dailybugle.com,Engineering,, $653.08 ,2023/06/21,dailybugle.com
,Hal Jordan,gmail.com,Physics,NJ,$999.36,2023-07-25,gmail.com
1854.0,Mary Rogers,skynet.com,Computer Science,NY,$398.25,01/03/2023,skynet.com
1759.0,Alice Parker,edu.org,Art,KS, $375.50 ,10/23/2023,edu.org
1796.0,Sara Curry,skynet.com,Art,NY, $789.81 ,2023/04/14,skynet.com
1902.0,John Jane,outlook.com,Math,WA," $1,779.17 ",2023/11/10,outlook.com
1394.0,Steve Maximoff,stark.com,,NY,$767.26,07/12/2023,stark.com
,Barry Curry,skynet.com,,TX, $307.38 ,"Jun 19, 2023",skynet.com
1614.0,Clark Rogers,yahoo.com,,AZ,$532.36,2023-02-21,yahoo.com
1877.0,Clark Maximoff,edu.org,Math,,"$1,743.62","Oct 21, 2023",edu.org
1174.0,Alice Connor,stark.com,Journalism,,$913.49,"May 30, 2023",stark.com
1917.0,Arthur Connor,edu.org,Physics,NV,$477.17,"Dec 15, 2023",edu.org
1058.0,Peter Kent,dailybugle.com,Engineering,CA," $1,159.15 ",2023/02/16,dailybugle.com
1265.0,John Kent,skynet.com,Agriculture,FL,"$1,788.63",2023/12/16,skynet.com
1063.0,Barry Jane,edu.org,Computer Science,OR,$183.35,"Nov 24, 2023",edu.org
1789.0,Barry Smith,dailybugle.com,Math,NV," $1,043.35 ",2023-11-26,dailybugle.com
1261.0,Diana Parker,dailybugle.com,,CA,"$1,951.29",05-22-2023,dailybugle.com
1100.0,Steve Stone,outlook.com,Agriculture,NV, $689.03 ,"Oct 10, 2023",outlook.com
,Bruce Rogers,outlook.com,Math,NY,$543.62,06-08-2023,outlook.com
1299.0,Peter Wayne,dailybugle.com,Journalism,KS,$689.05,2023-06-06,dailybugle.com
1615.0,Hal Jordan,yahoo.com,History,NJ,"$1,411.71",unknown,yahoo.com
1178.0,Arthur Curry,yahoo.com,,KS,$813.03,04/17/2023,yahoo.com
1933.0,Mary Jones,yahoo.com,Physics,NV," $1,427.44 ",2023/09/29,yahoo.com
1778.0,John Rogers,yahoo.com,Art,AZ," $1,777.21 ",05-14-2023,yahoo.com
1139.0,Alice Connor,gmail.com,Art,WA,"$1,354.07",07-16-2023,gmail.com
1803.0,Bruce Jordan,dailybugle.com,Business,KS,$652.02,2023-09-29,dailybugle.com
1168.0,Charlie Jordan,stark.com,Computer Science,,$135.07,2023/01/21,stark.com
1066.0,Mary Jones,skynet.com,Art,," $1,566.45 ",09/24/2023,skynet.com
1256.0,Alice Stone,skynet.com,Art,,$267.77,2023/04/30,skynet.com
1067.0,John Smith,edu.org,Agriculture,,$161.58,2023-02-03,edu.org
1986.0,Alice Doe,stark.com,Engineering,NV,$786.35,2023-04-11,stark.com
1012.0,Wanda Brown,gmail.com,Math,NY," $1,852.73 ",03/27/2023,gmail.com
1531.0,Alice Jones,edu.org,Biology,CA,"$1,892.43","May 31, 2023",edu.org
1319.0,Peter Doe,edu.org,,FL,$22.59,2023-05-25,edu.org
1984.0,Hal Brown,dailybugle.com,Physics,AZ, $392.31 ,01-20-2023,dailybugle.com
1866.0,Arthur Parker,dailybugle.com,Engineering,FL,"$1,196.26",2023-06-22,dailybugle.com
1576.0,Charlie Doe,yahoo.com,Agriculture,," $1,251.91 ",04-29-2023,yahoo.com
1334.0,Barry Jane,dailybugle.com,Journalism,WA,$763.13,2023-12-06,dailybugle.com
1286.0,Steve Wayne,dailybugle.com,Business,TX,$501.39,12/28/2023,dailybugle.com
1911.0,Steve Maximoff,gmail.com,Biology,KS,"$1,297.43",2023/01/04,gmail.com
1323.0,Wanda Prince,edu.org,Agriculture,TX, $380.42 ,09/26/2023,edu.org
1890.0,Arthur Curry,yahoo.com,Business,KS,"$1,879.88",unknown,yahoo.com
1536.0,Mary Connor,skynet.com,Art,NV,$542.11,2023-01-25,skynet.com
1692.0,Peter Jordan,outlook.com,Biology,KS,$188.22,"May 10, 2023",outlook.com
1649.0,Hal Rogers,dailybugle.com,Biology,CA,"$1,083.10",2023/01/14,dailybugle.com
1528.0,Mary Rogers,skynet.com,Art,NY,"$1,588.69",2023/09/05,skynet.com
1513.0,Arthur Doe,gmail.com,Biology,CA,$193.68,01/04/2023,gmail.com
1585.0,Peter Kent,stark.com,History,WA,$963.25,2023/03/24,stark.com
1002.0,Wanda Jane,dailybugle.com,,NJ," $1,970.44 ",02/21/2023,dailybugle.com
1445.0,Alice Allen,outlook.com,Biology,FL," $1,610.78 ",10-17-2023,outlook.com
1237.0,Wanda Wayne,dailybugle.com,Business,NY,$771.75,pending,dailybugle.com
1495.0,Mary Jordan,yahoo.com,Biology,NV,$432.33,11-22-2023,yahoo.com
1781.0,Alice Allen,dailybugle.com,,WA," $1,408.44 ",2023-07-22,dailybugle.com
1327.0,Steve Smith,outlook.com,History,NV, $157.09 ,"Aug 27, 2023",outlook.com
1547.0,John Wayne,edu.org,Agriculture,,$857.90,2023-09-19,edu.org
1858.0,Alice Wayne,outlook.com,,NY,"$1,049.13",pending,outlook.com
1529.0,Diana Brown,stark.com,Business,NV,"$1,566.95","Feb 02, 2023",stark.com
1346.0,Sara Jane,outlook.com,Journalism,NY,$554.57,07/18/2023,outlook.com
1883.0,Bruce Brown,outlook.com,Agriculture,,"$1,919.24",03-16-2023,outlook.com
1583.0,Steve Jane,skynet.com,,WA, $124.80 ,2023/08/09,skynet.com
,Victor Smith,yahoo.com,Business,WA,$385.32,01-27-2023,yahoo.com
1587.0,Charlie Rogers,skynet.com,Agriculture,TX,"$1,268.59",unknown,skynet.com
1308.0,Bruce Wayne,dailybugle.com,Physics,OR,$947.69,pending,dailybugle.com
1059.0,Victor Connor,stark.com,Agriculture,NJ,"$1,493.12",02/28/2023,stark.com
1993.0,Mary Prince,yahoo.com,Art,NY,"$1,392.16",unknown,yahoo.com
1231.0,Diana Stone,yahoo.com,,, $533.96 ,"May 27, 2023",yahoo.com
1629.0,Bob Doe,gmail.com,Math,CA,"$1,852.09",2023/09/05,gmail.com
1601.0,Hal Parker,gmail.com,Art,FL,"$1,907.52",08/17/2023,gmail.com
1662.0,John Connor,yahoo.com,Business,,$333.87,09-21-2023,yahoo.com
1136.0,Clark Prince,gmail.com,History,NV,$504.84,unknown,gmail.com
1915.0,Bruce Smith,skynet.com,Computer Science,CA, $623.78 ,"Feb 17, 2023",skynet.com
1314.0,Charlie Parker,skynet.com,History,OR,$907.48,"Nov 04, 2023",skynet.com
1106.0,Wanda Rogers,yahoo.com,Journalism,,$562.71,"Dec 01, 2023",yahoo.com
1823.0,Peter Jane,yahoo.com,Math,FL, $973.07 ,08/10/2023,yahoo.com
1055.0,Victor Connor,skynet.com,,NJ,$919.14,2023/08/27,skynet.com
1120.0,John Kent,edu.org,Business,NJ,"$1,380.58",06/01/2023,edu.org
,Victor Brown,yahoo.com,,FL,"$1,669.90",06/21/2023,yahoo.com
1025.0,John Prince,edu.org,History,TX,"$1,317.70","Dec 06, 2023",edu.org
1072.0,Charlie Jordan,edu.org,Journalism,NJ," $1,443.19 ","Oct 18, 2023",edu.org
1549.0,Mary Brown,gmail.com,Business,NJ," $1,400.32 ",04/24/2023,gmail.com
1044.0,Peter Stone,gmail.com,Engineering,AZ,"$1,842.39","Aug 28, 2023",gmail.com
1296.0,Mary Prince,stark.com,Computer Science,FL," $1,495.36 ","Jan 06, 2023",stark.com
,Wanda Jane,yahoo.com,Physics,AZ,$516.11,"Apr 04, 2023",yahoo.com
1247.0,John Jordan,dailybugle.com,Journalism,AZ,"$1,466.45","Aug 26, 2023",dailybugle.com
1336.0,Charlie Stone,edu.org,Math,WA,$710.61,pending,edu.org
1351.0,Barry Rogers,yahoo.com,,FL,$978.47,"Oct 04, 2023",yahoo.com
,Steve Smith,edu.org,Agriculture,KS,"$1,951.11",pending,edu.org
1737.0,Bruce Curry,gmail.com,Math,TX, $357.59 ,12/11/2023,gmail.com
,Alice Allen,outlook.com,Biology,OR,"$1,983.79",03/26/2023,outlook.com
1420.0,Steve Smith,gmail.com,Physics,, $187.16 ,04-03-2023,gmail.com
1381.0,Steve Stone,outlook.com,Art,,$519.07,03/16/2023,outlook.com
1694.0,Steve Connor,outlook.com,,TX,"$1,411.28",unknown,outlook.com
1539.0,Bruce Prince,dailybugle.com,,NY,$330.23,"May 27, 2023",dailybugle.com
1449.0,Mary Stone,outlook.com,Engineering,CA,"$1,582.41",10/29/2023,outlook.com
1622.0,Diana Rogers,gmail.com,Biology,CA,$99.80,05-26-2023,gmail.com
1209.0,Steve Allen,gmail.com,Engineering,NV,"$1,525.84",12-15-2023,gmail.com
1554.0,John Connor,gmail.com,Biology,FL,"$1,481.43","Dec 17, 2023",gmail.com
1636.0,Bob Smith,stark.com,Biology,KS,$215.32,2023/03/10,stark.com
1481.0,Barry Kent,yahoo.com,Agriculture,KS,$852.20,07/29/2023,yahoo.com
1432.0,Steve Rogers,outlook.com,,WA," $1,958.97 ","Oct 24, 2023",outlook.com
1626.0,Victor Jones,skynet.com,Physics,AZ,"$1,755.61",2023-07-21,skynet.com
,Bruce Jordan,stark.com,Engineering,OR, $737.17 ,"May 15, 2023",stark.com
,Arthur Jane,gmail.com,Agriculture,TX,$932.63,"May 29, 2023",gmail.com
,John Curry,gmail.com,Art,TX,$316.35,unknown,gmail.com
,Peter Smith,gmail.com,History,CA,"$1,731.60",03-05-2023,gmail.com
1901.0,Arthur Brown,yahoo.com,Business,,$18.45,06-25-2023,yahoo.com
,Wanda Jane,yahoo.com,Biology,,$740.96,2023-01-05,yahoo.com
1666.0,Arthur Jane,outlook.com,Engineering,NY,"$1,849.03",unknown,outlook.com
1976.0,John Connor,dailybugle.com,Math,WA,$343.24,09-09-2023,dailybugle.com
1477.0,Arthur Parker,dailybugle.com,,," $1,848.31 ","Apr 09, 2023",dailybugle.com
1332.0,Hal Curry,dailybugle.com,,WA,"$1,231.14","Apr 16, 2023",dailybugle.com
1938.0,Arthur Doe,gmail.com,Art,,"$1,375.91",02/20/2023,gmail.com
1700.0,Sara Smith,dailybugle.com,Engineering,NV," $1,103.22 ",unknown,dailybugle.com
1464.0,Steve Connor,skynet.com,,,$519.25,04-27-2023,skynet.com
1355.0,Arthur Jones,yahoo.com,Biology,,"$1,582.10",07-12-2023,yahoo.com
1362.0,Clark Brown,skynet.com,Art,AZ," $1,940.27 ",02/14/2023,skynet.com
1312.0,Charlie Jordan,gmail.com,Physics,NY, $182.38 ,11/21/2023,gmail.com
1318.0,Diana Stone,skynet.com,Math,OR,$985.01,2023-11-09,skynet.com
1973.0,Sara Jane,stark.com,Journalism,,$991.50,06/26/2023,stark.com
1380.0,Steve Jane,edu.org,History,,"$1,529.44","Feb 04, 2023",edu.org
1182.0,Alice Connor,edu.org,Physics,TX,$549.96,pending,edu.org
1716.0,Diana Wayne,outlook.com,Physics,CA," $1,209.25 ",2023-12-14,outlook.com
1110.0,Diana Rogers,stark.com,Biology,NJ," $1,934.14 ","Oct 24, 2023",stark.com
1530.0,Mary Parker,gmail.com,Journalism,,$257.63,unknown,gmail.com
1377.0,Hal Allen,dailybugle.com,Business,NJ, $327.58 ,08-06-2023,dailybugle.com
1713.0,Diana Smith,yahoo.com,,,"$1,453.57",08-09-2023,yahoo.com
1872.0,Wanda Connor,gmail.com,Engineering,AZ,"$1,699.18",2023-04-29,gmail.com
1939.0,Barry Smith,outlook.com,Computer Science,NV," $1,291.21 ",2023-05-14,outlook.com
1731.0,Barry Brown,stark.com,Physics,OR, $350.77 ,"Jan 08, 2023",stark.com
1292.0,Sara Stone,dailybugle.com,Computer Science,TX,"$1,099.93",2023-12-03,dailybugle.com
1436.0,Peter Connor,yahoo.com,Biology,KS,"$1,761.81",2023-03-23,yahoo.com
1835.0,Steve Smith,outlook.com,Business,,"$1,531.07",12-09-2023,outlook.com
1307.0,Charlie Doe,outlook.com,Engineering,FL,$213.54,"Nov 10, 2023",outlook.com
1289.0,Diana Curry,yahoo.com,History,,$383.23,11-25-2023,yahoo.com
1968.0,Hal Jordan,gmail.com,,AZ, $669.68 ,pending,gmail.com
1215.0,Charlie Parker,outlook.com,Biology,NJ,"$1,542.50",2023/11/01,outlook.com
1630.0,Clark Maximoff,dailybugle.com,,,"$1,489.20",09-19-2023,dailybugle.com
1280.0,Clark Stone,outlook.com,Agriculture,CA, $304.30 ,2023-01-12,outlook.com
1673.0,Bruce Stone,stark.com,Agriculture,FL,$57.93,04-21-2023,stark.com
1450.0,Diana Prince,stark.com,,NJ," $1,131.53 ",07/13/2023,stark.com
1298.0,Diana Jordan,gmail.com,Business,TX,"$1,524.07",04/12/2023,gmail.com
1785.0,Bob Curry,dailybugle.com,Physics,,"$1,970.26",06/17/2023,dailybugle.com
1137.0,Wanda Wayne,gmail.com,Business,CA," $1,273.50 ",02/12/2023,gmail.com
1305.0,Bruce Brown,yahoo.com,Business,AZ,$658.57,"Apr 16, 2023",yahoo.com
1807.0,Alice Curry,yahoo.com,Computer Science,KS," $1,166.90 ",09/01/2023,yahoo.com
1294.0,Clark Allen,skynet.com,,,"$1,780.65",2023-04-24,skynet.com
1599.0,Alice Jane,yahoo.com,Engineering,FL,"$1,212.22","Sep 23, 2023",yahoo.com
1581.0,Alice Smith,stark.com,,AZ,$798.56,07-18-2023,stark.com
1029.0,Diana Wayne,yahoo.com,Physics,NY,$829.74,08/27/2023,yahoo.com
1165.0,Mary Jane,gmail.com,Biology,TX, $880.20 ,11-18-2023,gmail.com
,Barry Doe,edu.org,Art,TX,"$1,471.84",pending,edu.org
1310.0,Hal Curry,edu.org,Biology,FL,"$1,037.41","Jan 21, 2023",edu.org
1685.0,Clark Rogers,skynet.com,Agriculture,,$832.61,2023/02/04,skynet.com
,Steve Stone,stark.com,Engineering,FL,"$1,603.88",2023/05/20,stark.com
1342.0,Barry Smith,yahoo.com,Agriculture,NV,$467.32,07/19/2023,yahoo.com
1605.0,Victor Stone,outlook.com,Computer Science,AZ,$653.75,pending,outlook.com
1526.0,Charlie Jordan,outlook.com,Physics,NY,"$1,960.55",10/31/2023,outlook.com
1065.0,Charlie Brown,yahoo.com,,FL,"$1,177.71",unknown,yahoo.com
1631.0,Steve Rogers,dailybugle.com,Business,NY, $927.93 ,pending,dailybugle.com
1891.0,Clark Jane,edu.org,Computer Science,NV, $725.99 ,"Aug 03, 2023",edu.org
1254.0,Sara Kent,edu.org,Computer Science,," $1,045.42 ",12/17/2023,edu.org
1718.0,Wanda Stone,outlook.com,Agriculture,OR,$421.27,12/11/2023,outlook.com
1770.0,Barry Jones,dailybugle.com,Agriculture,AZ,$751.64,12/08/2023,dailybugle.com
1221.0,Mary Stone,skynet.com,Journalism,TX,$966.16,07/30/2023,skynet.com
1235.0,Alice Brown,stark.com,Journalism,,"$1,415.36","Apr 05, 2023",stark.com
1429.0,Sara Parker,skynet.com,,CA,$343.47,12/21/2023,skynet.com
1543.0,Wanda Rogers,outlook.com,Physics,CA,$202.68,"Feb 13, 2023",outlook.com
,Steve Curry,dailybugle.com,Physics,NV,$843.44,08/08/2023,dailybugle.com
1588.0,Peter Stone,outlook.com,History,AZ,"$1,910.21",pending,outlook.com
1972.0,Peter Parker,dailybugle.com,History,WA,$217.43,02/10/2023,dailybugle.com
1249.0,Bruce Jones,edu.org,Biology,,"$1,297.05","Sep 24, 2023",edu.org
1578.0,Peter Jones,stark.com,,NJ," $1,094.27 ",02/14/2023,stark.com
1409.0,Hal Kent,stark.com,Agriculture,WA,"$1,578.63",02-11-2023,stark.com
1071.0,Barry Jane,skynet.com,Engineering,, $546.54 ,06/23/2023,skynet.com
1094.0,Diana Curry,dailybugle.com,Agriculture,,"$1,740.07",2023-08-11,dailybugle.com
,Barry Wayne,yahoo.com,Biology,FL,$252.44,2023/10/16,yahoo.com
1644.0,Charlie Jane,yahoo.com,Biology,NY,"$1,177.23","Oct 02, 2023",yahoo.com
1259.0,Mary Wayne,stark.com,Biology,CA," $1,608.74 ",2023/08/30,stark.com
1204.0,Wanda Jordan,skynet.com,Agriculture,KS, $688.50 ,05-13-2023,skynet.com
1798.0,Alice Parker,yahoo.com,Engineering,KS, $924.07 ,01/29/2023,yahoo.com
1620.0,Peter Jordan,outlook.com,Journalism,WA," $1,178.30 ",05/22/2023,outlook.com
1365.0,John Rogers,edu.org,Business,KS," $1,253.62 ",01-01-2023,edu.org
1077.0,Barry Allen,gmail.com,,AZ, $305.74 ,2023-02-08,gmail.com
1084.0,Charlie Jordan,gmail.com,History,AZ, $569.86 ,2023-08-18,gmail.com
1994.0,Charlie Rogers,yahoo.com,Journalism,WA, $832.17 ,"Oct 26, 2023",yahoo.com
1082.0,Diana Jordan,dailybugle.com,Math,,"$1,340.91",01/10/2023,dailybugle.com
1525.0,Alice Prince,yahoo.com,History,CA, $724.45 ,"Feb 22, 2023",yahoo.com
1439.0,Sara Prince,yahoo.com,Journalism,NY,"$1,697.19",08-01-2023,yahoo.com
1567.0,Steve Stone,edu.org,Agriculture,OR," $1,064.95 ",unknown,edu.org
,Sara Connor,yahoo.com,,WA,$200.47,"Jan 07, 2023",yahoo.com
,Steve Jordan,outlook.com,Engineering,AZ, $787.24 ,"Nov 26, 2023",outlook.com
1887.0,Hal Curry,yahoo.com,History,,$767.78,pending,yahoo.com
1331.0,Bruce Connor,skynet.com,Journalism,OR, $352.35 ,"Feb 05, 2023",skynet.com
1005.0,Bruce Kent,yahoo.com,Computer Science,NY,$305.68,12/15/2023,yahoo.com
1479.0,Bob Rogers,stark.com,Math,NV,$928.53,"Jul 11, 2023",stark.com
1104.0,Hal Prince,outlook.com,Journalism,KS," $1,468.40 ",2023-07-24,outlook.com
1097.0,Sara Rogers,stark.com,Agriculture,AZ, $571.15 ,2023-09-09,stark.com
1832.0,Arthur Jordan,skynet.com,Biology,CA," $1,445.55 ",unknown,skynet.com
1787.0,Sara Brown,outlook.com,,AZ," $1,036.98 ",2023-09-12,outlook.com
1424.0,Hal Jones,outlook.com,Business,NJ,"$1,807.47","Jul 03, 2023",outlook.com
1934.0,Arthur Maximoff,edu.org,Agriculture,NJ," $1,212.56 ",2023-01-11,edu.org
1281.0,Clark Brown,yahoo.com,,WA, $623.15 ,07/10/2023,yahoo.com
1266.0,Peter Wayne,yahoo.com,Art,NY,$239.76,12/06/2023,yahoo.com
,Clark Parker,stark.com,Business,AZ,$495.00,2023-09-30,stark.com
1453.0,Steve Doe,stark.com,Art,NV,"$1,213.71",01/24/2023,stark.com
1359.0,Alice Smith,gmail.com,,,"$1,074.72",01/15/2023,gmail.com
1490.0,Wanda Kent,skynet.com,Agriculture,CA,"$1,474.58",08/22/2023,skynet.com
1991.0,Alice Jones,edu.org,,FL, $214.44 ,"Jul 07, 2023",edu.org
1816.0,Mary Jane,gmail.com,Computer Science,,"$1,583.19",01-26-2023,gmail.com
1118.0,Steve Brown,yahoo.com,Engineering,CA," $1,473.24 ","Oct 18, 2023",yahoo.com
,Steve Jordan,yahoo.com,Art,KS," $1,168.99 ",pending,yahoo.com
1250.0,Clark Connor,edu.org,History,KS,"$1,634.47",09-04-2023,edu.org
,Bob Curry,dailybugle.com,Computer Science,TX,$472.08,2023/09/14,dailybugle.com
,Peter Doe,edu.org,Journalism,, $449.65 ,unknown,edu.org
1704.0,Clark Jordan,skynet.com,Physics,CA,"$1,940.65",03-14-2023,skynet.com
1009.0,Victor Parker,edu.org,Journalism,NV,$902.97,02/02/2023,edu.org
1859.0,Charlie Curry,dailybugle.com,Agriculture,TX,$775.72,10-05-2023,dailybugle.com
1196.0,Barry Jordan,skynet.com,,NY,$171.41,10/05/2023,skynet.com
1652.0,Diana Curry,stark.com,Art,,$613.79,05-16-2023,stark.com
1081.0,Arthur Smith,gmail.com,Business,AZ,"$1,746.56","Oct 26, 2023",gmail.com
1447.0,Victor Jones,dailybugle.com,Art,WA,"$1,744.03",11/22/2023,dailybugle.com
1533.0,Peter Allen,dailybugle.com,Business,NJ," $1,353.05 ","Mar 15, 2023",dailybugle.com
1668.0,Diana Jane,edu.org,Computer Science,NJ,"$1,463.27",07-01-2023,edu.org
1239.0,Mary Parker,dailybugle.com,Biology,KS,$75.77,04-02-2023,dailybugle.com
,Alice Connor,edu.org,Engineering,NY,$221.66,2024/01/01,edu.org
1211.0,Hal Prince,skynet.com,Agriculture,,"$1,724.79",02/11/2023,skynet.com
1773.0,Wanda Smith,skynet.com,Math,WA," $1,506.64 ",03-30-2023,skynet.com
1545.0,Charlie Allen,yahoo.com,Physics,KS,"$1,802.00",2023/04/12,yahoo.com
,Arthur Wayne,edu.org,Business,NV,"$1,932.50",2023-04-30,edu.org
1227.0,Peter Jane,gmail.com,Biology,AZ, $246.44 ,"Aug 23, 2023",gmail.com
1922.0,Bruce Rogers,gmail.com,Biology,NV,$578.15,2023-05-28,gmail.com
1404.0,Victor Stone,outlook.com,Engineering,TX,"$1,288.59",09-06-2023,outlook.com
1889.0,Bruce Maximoff,dailybugle.com,Journalism,KS," $1,701.19 ","May 13, 2023",dailybugle.com
1177.0,Victor Allen,gmail.com,Biology,TX,$473.54,2023/06/11,gmail.com
1626.0,Victor Jones,skynet.com,Physics,AZ,"$1,755.61",2023-07-21,skynet.com
1465.0,Clark Parker,gmail.com,Biology,KS, $865.10 ,2023-05-21,gmail.com
1430.0,Steve Prince,stark.com,Physics,, $381.60 ,2023/12/23,stark.com
1532.0,Steve Curry,dailybugle.com,,FL,$73.47,2023/04/21,dailybugle.com
1695.0,Mary Smith,dailybugle.com,Biology,KS,"$1,795.47",10-28-2023,dailybugle.com
1478.0,Arthur Stone,stark.com,,NJ," $1,745.70 ",10-27-2023,stark.com
1688.0,Mary Brown,skynet.com,Art,AZ,"$1,336.99",pending,skynet.com
1007.0,Clark Connor,outlook.com,Math,NV,"$1,836.99",pending,outlook.com
1155.0,Wanda Rogers,gmail.com,Math,OR," $1,131.30 ","Sep 11, 2023",gmail.com
1357.0,Alice Connor,outlook.com,Math,NY," $1,973.21 ",11/13/2023,outlook.com
1584.0,Peter Doe,dailybugle.com,Physics,,$810.14,12/31/2023,dailybugle.com
1223.0,Charlie Smith,stark.com,Agriculture,KS,"$1,940.29","Apr 25, 2023",stark.com
1329.0,Arthur Maximoff,stark.com,Art,, $205.86 ,02/24/2023,stark.com
1633.0,Peter Allen,dailybugle.com,Art,TX, $556.68 ,2023/06/05,dailybugle.com
1822.0,Wanda Brown,edu.org,Physics,CA, $868.76 ,2023-03-30,edu.org
1868.0,Clark Rogers,yahoo.com,Business,OR,"$1,190.54",07/18/2023,yahoo.com
,Peter Maximoff,stark.com,Agriculture,NV,$211.32,07/06/2023,stark.com
1096.0,Alice Brown,stark.com,,,$733.90,2023-05-23,stark.com
1746.0,Arthur Jones,stark.com,Computer Science,OR," $1,220.06 ",02-07-2023,stark.com
1678.0,Victor Doe,dailybugle.com,Business,AZ," $1,718.61 ","Aug 06, 2023",dailybugle.com
1809.0,Mary Brown,edu.org,Biology,KS,"$1,861.88",04/04/2023,edu.org
1494.0,Charlie Curry,dailybugle.com,Physics,NJ,"$1,683.13","Jan 10, 2023",dailybugle.com
1572.0,Clark Jones,edu.org,History,NV,"$1,210.17",12/21/2023,edu.org
1628.0,Alice Parker,yahoo.com,Physics,NJ," $1,438.28 ","Sep 06, 2023",yahoo.com
1762.0,Bob Connor,stark.com,Biology,KS," $1,051.15 ",10-16-2023,stark.com
1958.0,Alice Stone,edu.org,Physics,NV,"$1,662.78",2023-01-21,edu.org
1163.0,Diana Connor,outlook.com,,TX,$103.57,12-25-2023,outlook.com
1228.0,Charlie Rogers,skynet.com,Physics,TX,"$1,460.99","Jul 18, 2023",skynet.com
1523.0,Alice Curry,stark.com,Agriculture,NJ,"$1,968.78",2023/03/23,stark.com
,Barry Jones,outlook.com,,TX,"$1,199.44",08-14-2023,outlook.com
1212.0,Sara Curry,edu.org,Computer Science,,$867.42,2023/08/08,edu.org
1825.0,Victor Jane,stark.com,Physics,OR,$126.25,2023-08-02,stark.com
1079.0,Bob Prince,edu.org,Biology,AZ,"$1,303.67","Sep 01, 2023",edu.org
1148.0,Arthur Stone,outlook.com,Art,TX,$689.93,2023-02-23,outlook.com
1302.0,Alice Kent,edu.org,Biology,,"$1,320.75",12/04/2023,edu.org
1448.0,Steve Stone,dailybugle.com,Math,,$425.29,2023/03/22,dailybugle.com
1501.0,Bob Smith,dailybugle.com,Agriculture,KS,$268.53,"Jan 21, 2023",dailybugle.com
1548.0,Mary Kent,dailybugle.com,Computer Science,NV,"$1,222.20","Oct 30, 2023",dailybugle.com
1841.0,Victor Allen,yahoo.com,History,," $1,273.42 ",01-16-2023,yahoo.com
,Bruce Connor,gmail.com,Engineering,OR,$142.36,05-16-2023,gmail.com
1493.0,Arthur Stone,gmail.com,Agriculture,WA,"$1,711.55",2023-01-06,gmail.com
1133.0,Charlie Doe,yahoo.com,History,FL,$998.60,12/17/2023,yahoo.com
1594.0,Charlie Jordan,yahoo.com,,NV,$236.75,07-20-2023,yahoo.com
1311.0,Alice Parker,edu.org,Biology,TX,$927.16,02-16-2023,edu.org
1507.0,Bob Stone,skynet.com,Business,KS,"$1,019.22",12/19/2023,skynet.com
1655.0,Bruce Smith,dailybugle.com,Journalism,CA,"$1,201.16","Feb 09, 2023",dailybugle.com
1516.0,Alice Curry,edu.org,Agriculture,NY,"$1,468.56",04-10-2023,edu.org
1849.0,Mary Rogers,outlook.com,Math,FL,$47.01,2023-03-03,outlook.com
1811.0,Diana Jones,outlook.com,History,NV,"$1,808.56",2023/06/13,outlook.com
1000.0,John Kent,gmail.com,,NV,"$1,204.04",11-29-2023,gmail.com
1782.0,Diana Curry,stark.com,Art,CA,"$1,941.78","Jul 03, 2023",stark.com
1382.0,Charlie Allen,outlook.com,Computer Science,TX,"$1,529.38","Mar 27, 2023",outlook.com
1316.0,Sara Prince,dailybugle.com,Biology,,$598.59,07-14-2023,dailybugle.com
1761.0,Barry Stone,yahoo.com,Computer Science,,"$1,425.39",06/27/2023,yahoo.com
1591.0,Mary Maximoff,yahoo.com,Agriculture,NY,$391.12,03/05/2023,yahoo.com
1408.0,Alice Smith,skynet.com,Journalism,NY,"$1,069.82",08/15/2023,skynet.com
,Alice Doe,dailybugle.com,Journalism,NJ,"$1,060.07",2023-10-16,dailybugle.com
,Alice Connor,edu.org,Engineering,NY,$221.66,2024/01/01,edu.org
,Wanda Jane,gmail.com,Business,WA,"$1,180.43","Mar 31, 2023",gmail.com
,Bob Rogers,outlook.com,Art,NY,$456.81,01-23-2023,outlook.com
1125.0,Charlie Wayne,dailybugle.com,Business,FL,$495.02,2023-05-22,dailybugle.com
1696.0,John Jordan,gmail.com,Biology,FL,"$1,377.43",11-22-2023,gmail.com
1499.0,Victor Prince,gmail.com,Business,TX,$664.09,12/19/2023,gmail.com
,Charlie Maximoff,dailybugle.com,Engineering,FL," $1,452.63 ",07-13-2023,dailybugle.com
1971.0,Bob Rogers,yahoo.com,Art,,"$1,555.48","Sep 26, 2023",yahoo.com
1090.0,John Jordan,dailybugle.com,,KS,$482.25,02-23-2023,dailybugle.com
1811.0,Diana Jones,outlook.com,History,NV,"$1,808.56",2023/06/13,outlook.com
1181.0,Barry Jones,yahoo.com,Agriculture,NY," $1,810.16 ",2023-06-19,yahoo.com
1363.0,Peter Rogers,outlook.com,History,AZ," $1,892.50 ",01/03/2023,outlook.com
1274.0,Clark Maximoff,yahoo.com,Biology,,$469.25,12-25-2023,yahoo.com
1752.0,Victor Jordan,edu.org,Engineering,NY," $1,300.87 ",pending,edu.org
1962.0,Diana Doe,yahoo.com,,FL,$588.86,08/09/2023,yahoo.com
1069.0,Wanda Jordan,dailybugle.com,Computer Science,,$170.73,07-10-2023,dailybugle.com
1291.0,Alice Kent,yahoo.com,Computer Science,,$462.04,"Apr 09, 2023",yahoo.com
1131.0,Steve Parker,yahoo.com,Computer Science,OR,"$1,828.88",2023-12-27,yahoo.com
1300.0,Wanda Brown,gmail.com,History,TX," $1,737.50 ",01/08/2023,gmail.com
1712.0,Alice Maximoff,edu.org,Engineering,CA,"$1,085.50",07/02/2023,edu.org
1326.0,Mary Parker,dailybugle.com,Art,NY, $622.76 ,10/04/2023,dailybugle.com
1144.0,Bruce Rogers,edu.org,Art,KS,$880.45,2023/11/30,edu.org
1521.0,Arthur Allen,gmail.com,Math,KS, $289.40 ,04/23/2023,gmail.com
1963.0,Alice Stone,dailybugle.com,,CA,"$1,283.87",04/21/2023,dailybugle.com
1886.0,Barry Smith,edu.org,Biology,NV,"$1,457.33",2023/02/04,edu.org
1135.0,Bruce Jones,skynet.com,Art,OR,$31.46,pending,skynet.com
1996.0,Charlie Prince,outlook.com,,CA,"$1,764.98",06/07/2023,outlook.com
1722.0,Wanda Prince,outlook.com,,OR,"$1,312.38",02/20/2023,outlook.com
1164.0,Bob Jane,gmail.com,Computer Science,WA,"$1,388.06",04/28/2023,gmail.com
1028.0,Wanda Stone,edu.org,History,NJ,"$1,531.63",2023-11-17,edu.org
,Clark Maximoff,outlook.com,History,NV,$557.12,"Dec 26, 2023",outlook.com
1193.0,Hal Connor,skynet.com,Agriculture,WA,"$1,884.88",2023-08-11,skynet.com
1902.0,John Jane,outlook.com,Math,WA," $1,779.17 ",2023/11/10,outlook.com
1813.0,Hal Jordan,stark.com,Business,KS,$264.68,"May 14, 2023",stark.com
1433.0,Diana Smith,dailybugle.com,,,"$1,152.81",05-18-2023,dailybugle.com
1987.0,Diana Connor,stark.com,History,FL," $1,092.36 ",2023/10/21,stark.com
1169.0,Hal Prince,dailybugle.com,Math,TX,$554.94,2023/09/19,dailybugle.com
1541.0,Barry Wayne,yahoo.com,Math,TX, $150.24 ,09/21/2023,yahoo.com
1140.0,Bob Allen,stark.com,Engineering,OR,$981.21,07/12/2023,stark.com
,Alice Rogers,yahoo.com,Business,KS,$542.52,2023-07-10,yahoo.com
,Hal Maximoff,dailybugle.com,Engineering,KS,$223.10,pending,dailybugle.com
1820.0,Wanda Doe,dailybugle.com,Computer Science,KS, $901.57 ,09/03/2023,dailybugle.com
1535.0,Bob Curry,stark.com,Engineering,, $754.31 ,2023/07/13,stark.com
1961.0,Victor Jordan,skynet.com,Math,AZ, $768.20 ,2023-05-08,skynet.com
1855.0,Sara Jordan,dailybugle.com,Computer Science,, $278.41 ,"Nov 06, 2023",dailybugle.com
1073.0,Charlie Connor,edu.org,Business,NV,$227.64,"May 26, 2023",edu.org
1737.0,Bruce Curry,gmail.com,Math,TX, $357.59 ,12/11/2023,gmail.com
1527.0,Hal Wayne,stark.com,Computer Science,WA,$550.43,pending,stark.com
1238.0,Barry Maximoff,gmail.com,Math,NY,$421.56,04-20-2023,gmail.com
1145.0,Arthur Parker,outlook.com,Business,AZ, $399.60 ,"Apr 03, 2023",outlook.com
,Clark Jones,edu.org,History,OR,$68.68,12-27-2023,edu.org
1234.0,Bob Connor,gmail.com,Math,TX,"$1,167.97",06/19/2023,gmail.com
1220.0,Clark Jones,stark.com,Agriculture,TX,$226.11,2023/01/31,stark.com
1214.0,Alice Prince,dailybugle.com,Journalism,OR,$718.50,pending,dailybugle.com
1711.0,Barry Jane,yahoo.com,,AZ,$515.67,11-11-2023,yahoo.com
1132.0,Arthur Prince,gmail.com,Agriculture,KS,"$1,828.66",pending,gmail.com
1601.0,Hal Parker,gmail.com,Art,FL,"$1,907.52",08/17/2023,gmail.com
1906.0,Mary Wayne,gmail.com,Computer Science,FL,"$1,893.16",2023/03/08,gmail.com
1707.0,Diana Stone,dailybugle.com,Art,,"$1,771.18",05/01/2023,dailybugle.com
1422.0,Mary Curry,dailybugle.com,Art,KS,"$1,939.54",08/20/2023,dailybugle.com
1185.0,Barry Wayne,stark.com,History,WA, $709.61 ,2023-03-30,stark.com
1041.0,Alice Kent,gmail.com,Biology,AZ,"$1,898.25",2023-05-08,gmail.com
1767.0,Arthur Doe,yahoo.com,Engineering,NV,"$1,485.82",02-06-2023,yahoo.com
1108.0,Mary Brown,stark.com,,WA,"$1,000.16",03-12-2023,stark.com
1635.0,Sara Wayne,stark.com,History,," $1,761.51 ",07-16-2023,stark.com
1056.0,Sara Jones,edu.org,History,OR,$213.31,"Jul 03, 2023",edu.org
1482.0,Clark Jordan,stark.com,Math,NJ,"$1,853.21",02/06/2023,stark.com
1753.0,Arthur Smith,yahoo.com,Biology,," $1,604.76 ",2023-12-05,yahoo.com
1793.0,Alice Jordan,dailybugle.com,Journalism,WA,"$1,653.14",pending,dailybugle.com
1468.0,Bruce Jane,gmail.com,Art,NY,"$1,250.70",2023/02/13,gmail.com
,Peter Connor,skynet.com,Business,AZ,"$1,130.43",07/14/2023,skynet.com
1435.0,Wanda Brown,stark.com,Journalism,TX,"$1,243.68","Feb 14, 2023",stark.com
1024.0,Mary Prince,dailybugle.com,Physics,WA," $1,354.64 ","Nov 12, 2023",dailybugle.com
1549.0,Mary Brown,gmail.com,Business,NJ," $1,400.32 ",04/24/2023,gmail.com
1518.0,John Connor,dailybugle.com,Agriculture,NY," $1,330.95 ",11-21-2023,dailybugle.com
1837.0,Diana Kent,stark.com,Journalism,NJ,$785.26,pending,stark.com
1667.0,Sara Doe,edu.org,Biology,NJ,"$1,883.61","Aug 16, 2023",edu.org
1174.0,Alice Connor,stark.com,Journalism,,$913.49,"May 30, 2023",stark.com
1997.0,Bruce Jones,stark.com,History,,$679.86,"Apr 15, 2023",stark.com
,Bob Wayne,skynet.com,,CA,$937.74,"Aug 29, 2023",skynet.com
1051.0,Hal Maximoff,yahoo.com,Business,," $1,489.41 ",07/15/2023,yahoo.com
1383.0,Diana Kent,stark.com,,, $562.84 ,07/30/2023,stark.com
1861.0,Arthur Jordan,skynet.com,History,TX, $958.73 ,09-18-2023,skynet.com
1989.0,Barry Jane,outlook.com,,NV,$525.70,10/14/2023,outlook.com
1682.0,Arthur Brown,dailybugle.com,Math,NV, $999.63 ,05/01/2023,dailybugle.com
1995.0,Wanda Maximoff,skynet.com,Art,KS,"$1,593.20",12-31-2023,skynet.com
1264.0,Arthur Maximoff,gmail.com,Business,FL,"$1,353.83",06/11/2023,gmail.com
1708.0,John Jordan,yahoo.com,,NY,$679.17,2023-08-06,yahoo.com
1765.0,Diana Parker,stark.com,Physics,TX," $1,529.19 ",05/05/2023,stark.com
1736.0,Wanda Parker,outlook.com,Art,TX,$657.28,2023/05/26,outlook.com
1444.0,Peter Jones,gmail.com,Math,FL,"$1,664.46",2023/08/05,gmail.com
,Sara Prince,edu.org,Art,NV,"$1,370.75","Sep 01, 2023",edu.org
1558.0,John Allen,dailybugle.com,Art,OR,$441.28,"Oct 25, 2023",dailybugle.com
1176.0,John Jordan,skynet.com,Business,CA,"$1,945.12",unknown,skynet.com
1018.0,Steve Kent,stark.com,Biology,TX,"$1,274.23","Aug 15, 2023",stark.com
1979.0,Charlie Doe,yahoo.com,Journalism,TX,$172.38,12/04/2023,yahoo.com
1538.0,Clark Smith,dailybugle.com,Agriculture,KS,"$1,596.94",2023/05/22,dailybugle.com
1613.0,Mary Jones,edu.org,Computer Science,, $765.05 ,2023-04-10,edu.org
1590.0,Victor Jordan,gmail.com,Computer Science,, $32.85 ,02/23/2023,gmail.com
,Barry Connor,outlook.com,Computer Science,AZ," $1,742.26 ",04/26/2023,outlook.com
1083.0,Peter Curry,gmail.com,Computer Science,NV," $1,670.24 ","Jan 20, 2023",gmail.com
1061.0,Barry Jane,dailybugle.com,,NJ,"$1,298.48",2023/01/24,dailybugle.com
1514.0,Clark Rogers,stark.com,Journalism,WA," $1,221.62 ",06-19-2023,stark.com
1272.0,Clark Allen,stark.com,Journalism,OR,"$1,549.49",02/10/2023,stark.com
,Alice Rogers,edu.org,,CA,$119.55,"Dec 26, 2023",edu.org
1360.0,Bruce Maximoff,stark.com,,FL," $1,475.50 ",07-12-2023,stark.com
1354.0,Mary Rogers,edu.org,Business,AZ,"$1,091.77",04-20-2023,edu.org
1951.0,Alice Jones,edu.org,,WA," $1,557.83 ",09-26-2023,edu.org
1278.0,Charlie Allen,outlook.com,,NJ," $1,194.01 ",10/08/2023,outlook.com
1368.0,Victor Kent,dailybugle.com,Math,OR," $1,241.90 ",12-21-2023,dailybugle.com
1664.0,Victor Prince,yahoo.com,Art,OR,$758.75,09-18-2023,yahoo.com
1618.0,Sara Brown,edu.org,Math,OR,$507.07,06/30/2023,edu.org
1589.0,Mary Rogers,skynet.com,Journalism,,$351.63,"Apr 01, 2023",skynet.com
1657.0,Barry Rogers,outlook.com,Art,," $1,218.08 ",09-19-2023,outlook.com
1761.0,Barry Stone,yahoo.com,Computer Science,,"$1,425.39",06/27/2023,yahoo.com
1456.0,Bruce Rogers,gmail.com,Math,OR,$57.81,2023-01-10,gmail.com
1393.0,Steve Wayne,edu.org,Physics,KS,$305.47,02-19-2023,edu.org
1684.0,Victor Jordan,skynet.com,Art,TX,$580.39,2023/11/11,skynet.com
1723.0,Victor Stone,gmail.com,History,OR," $1,368.73 ",01-12-2023,gmail.com
1375.0,Alice Brown,outlook.com,,,"$1,282.63",04-24-2023,outlook.com
1412.0,Charlie Stone,yahoo.com,Journalism,FL,$168.80,07-21-2023,yahoo.com
1074.0,Diana Smith,stark.com,Journalism,,$994.77,03/08/2023,stark.com
1947.0,Sara Prince,edu.org,Engineering,NV," $1,151.42 ",2023/09/16,edu.org
1500.0,Steve Jones,skynet.com,Biology,AZ,"$1,517.88",05-02-2023,skynet.com
1604.0,Wanda Curry,skynet.com,History,,$556.10,unknown,skynet.com
1114.0,Hal Jordan,gmail.com,Computer Science,OR," $1,311.94 ",2023-04-20,gmail.com
1417.0,Alice Doe,skynet.com,,TX," $1,007.49 ",2023-08-28,skynet.com
1089.0,Steve Doe,edu.org,,AZ,$833.14,"Feb 13, 2023",edu.org
1990.0,Steve Prince,stark.com,,OR,$329.63,12/27/2023,stark.com
,Peter Allen,yahoo.com,Physics,CA,$342.75,"Mar 31, 2023",yahoo.com
1874.0,Hal Maximoff,stark.com,History,WA, $548.28 ,04/29/2023,stark.com
1660.0,Mary Wayne,dailybugle.com,History,WA, $459.53 ,2023/03/06,dailybugle.com
1011.0,Steve Stone,dailybugle.com,Computer Science,," $1,456.43 ",2023-02-25,dailybugle.com
1396.0,Alice Jordan,gmail.com,,,"$1,673.87",pending,gmail.com
1575.0,John Allen,stark.com,Journalism,NY, $662.64 ,2023-09-15,stark.com
1042.0,Bruce Jordan,skynet.com,Art,NY,"$1,895.18",2023-04-19,skynet.com
1167.0,John Prince,edu.org,History,AZ, $142.02 ,2023/01/07,edu.org
1416.0,Arthur Jordan,gmail.com,,,$665.73,2023/07/01,gmail.com
1967.0,Clark Jordan,dailybugle.com,Biology,TX,$956.83,"Jan 04, 2023",dailybugle.com
1426.0,Charlie Rogers,edu.org,Agriculture,TX,"$1,368.63","May 08, 2023",edu.org
1544.0,Victor Jane,edu.org,Engineering,TX,"$1,072.85","Aug 13, 2023",edu.org
,Bruce Jane,outlook.com,Physics,CA,"$1,347.36","May 29, 2023",outlook.com
1346.0,Sara Jane,outlook.com,Journalism,NY,$554.57,07/18/2023,outlook.com
1904.0,Bruce Curry,dailybugle.com,Engineering,CA,"$1,061.49",2023-08-19,dailybugle.com
1661.0,Victor Brown,gmail.com,,TX,"$1,152.02",04-12-2023,gmail.com
,Victor Kent,edu.org,Journalism,NY,$309.56,2023-05-10,edu.org
1335.0,Hal Allen,gmail.com,,,"$1,442.68",2023/08/12,gmail.com
1015.0,Bruce Smith,yahoo.com,Journalism,WA,$261.76,08/23/2023,yahoo.com
1678.0,Victor Doe,dailybugle.com,Business,AZ," $1,718.61 ","Aug 06, 2023",dailybugle.com
1324.0,Mary Brown,outlook.com,Art,KS,$933.75,09-24-2023,outlook.com
1817.0,Peter Rogers,edu.org,Art,CA,$885.03,2023-02-10,edu.org
,Arthur Doe,skynet.com,Art,,"$1,323.43","Jun 27, 2023",skynet.com
1179.0,Mary Jones,stark.com,Physics,,$496.44,pending,stark.com
1099.0,Bruce Jane,gmail.com,Art,NV, $259.54 ,02/03/2023,gmail.com
1521.0,Arthur Allen,gmail.com,Math,KS, $289.40 ,04/23/2023,gmail.com
1022.0,Clark Allen,gmail.com,Engineering,NJ,$76.51,06-26-2023,gmail.com
,Steve Jones,dailybugle.com,Agriculture,FL,$286.18,08/19/2023,dailybugle.com
1720.0,John Prince,skynet.com,Computer Science,, $436.61 ,2023-10-20,skynet.com
1927.0,Bruce Curry,yahoo.com,Math,,$152.54,2023-03-12,yahoo.com
1757.0,Mary Rogers,skynet.com,,FL," $1,318.42 ",2023-07-26,skynet.com
1340.0,Charlie Jones,stark.com,Computer Science,AZ,"$1,477.93",07-09-2023,stark.com
1431.0,Peter Rogers,gmail.com,Agriculture,,$843.76,03-20-2023,gmail.com
1595.0,Clark Connor,dailybugle.com,Physics,," $1,415.15 ","Feb 10, 2023",dailybugle.com
,Mary Brown,skynet.com,Agriculture,NY,"$1,859.75","Dec 10, 2023",skynet.com
1203.0,Alice Connor,yahoo.com,History,FL,$66.14,07-04-2023,yahoo.com
1760.0,Wanda Kent,yahoo.com,Agriculture,OR,"$1,326.50",06-25-2023,yahoo.com
1093.0,Hal Maximoff,outlook.com,Math,NY,"$1,454.16",2023/11/05,outlook.com
1602.0,Arthur Jane,edu.org,Biology,NJ,"$1,173.74",2023/11/27,edu.org
1068.0,Arthur Jordan,gmail.com,Computer Science,NV,"$1,441.68",08-20-2023,gmail.com
1953.0,Steve Kent,gmail.com,History,AZ,"$1,584.17",unknown,gmail.com
1284.0,Alice Jane,yahoo.com,Journalism,,"$1,588.78",07-22-2023,yahoo.com
1865.0,Barry Prince,skynet.com,History,TX,"$1,604.49","Apr 08, 2023",skynet.com
1434.0,Steve Jane,outlook.com,Agriculture,FL,"$1,015.27",12/17/2023,outlook.com
1153.0,Bob Brown,edu.org,Art,TX,$973.34,2023/11/27,edu.org
1075.0,Barry Jones,skynet.com,Business,WA,$579.03,2023-06-16,skynet.com
1788.0,Arthur Maximoff,gmail.com,Computer Science,KS, $282.76 ,2023-09-09,gmail.com
1580.0,Barry Prince,outlook.com,Art,KS,$166.98,2023-08-19,outlook.com
1446.0,Bruce Allen,skynet.com,Computer Science,AZ, $385.11 ,unknown,skynet.com
1188.0,Barry Jones,yahoo.com,Business,OR,"$1,298.36","Oct 15, 2023",yahoo.com
1271.0,Steve Prince,yahoo.com,Agriculture,NY,$899.71,07/04/2023,yahoo.com
1236.0,Sara Stone,outlook.com,History,AZ," $1,061.00 ",pending,outlook.com
1487.0,Hal Jordan,gmail.com,Agriculture,NJ,$186.48,2023-10-11,gmail.com
1559.0,Hal Brown,edu.org,Physics,TX,$377.72,"Apr 03, 2023",edu.org
1117.0,Alice Connor,stark.com,Engineering,CA,$596.78,2023-06-21,stark.com
1880.0,Barry Kent,dailybugle.com,Biology,,$754.85,"Aug 24, 2023",dailybugle.com
1512.0,Sara Parker,edu.org,Art,,"$1,272.87",02/13/2023,edu.org
1597.0,Clark Jones,edu.org,Computer Science,, $564.93 ,unknown,edu.org
1643.0,Bruce Doe,dailybugle.com,Biology,CA,$774.25,03/06/2023,dailybugle.com
1126.0,Mary Smith,yahoo.com,,OR," $1,195.57 ",2023-01-25,yahoo.com
1116.0,Sara Stone,dailybugle.com,Engineering,CA,"$1,815.87",2023-10-21,dailybugle.com
1473.0,Alice Stone,outlook.com,Agriculture,OR,"$1,199.52","Oct 24, 2023",outlook.com
,Arthur Jane,gmail.com,Agriculture,TX,$932.63,"May 29, 2023",gmail.com
1057.0,Diana Doe,skynet.com,Biology,OR," $1,665.68 ","Apr 28, 2023",skynet.com
1728.0,Bob Maximoff,outlook.com,Journalism,NJ,"$1,136.46",2023-03-13,outlook.com
1980.0,Wanda Jane,gmail.com,Physics,WA," $1,937.83 ","Jan 21, 2023",gmail.com
1369.0,Bob Parker,gmail.com,,TX, $992.66 ,2023/09/24,gmail.com
1268.0,Alice Allen,dailybugle.com,,WA,"$1,162.02",11-10-2023,dailybugle.com
1046.0,Sara Rogers,gmail.com,Business,NY,"$1,715.47",12/22/2023,gmail.com
1349.0,Steve Rogers,gmail.com,Agriculture,," $1,070.61 ","Jun 20, 2023",gmail.com
,Steve Parker,stark.com,,OR,$978.19,"Feb 16, 2023",stark.com
1102.0,Clark Brown,skynet.com,Physics,AZ,"$1,441.27",pending,skynet.com
1899.0,Peter Rogers,gmail.com,,NJ, $779.12 ,"Aug 26, 2023",gmail.com
1745.0,Clark Doe,skynet.com,Art,CA," $1,919.58 ",06-17-2023,skynet.com
1893.0,Steve Jordan,skynet.com,Journalism,KS," $1,186.89 ",unknown,skynet.com
1263.0,Hal Doe,gmail.com,Engineering,AZ,$500.28,"Jul 13, 2023",gmail.com
1443.0,Wanda Allen,outlook.com,,WA," $1,450.20 ","Mar 06, 2023",outlook.com
,Victor Connor,gmail.com,Physics,KS,$145.93,"Apr 16, 2023",gmail.com
,Bruce Prince,dailybugle.com,Math,CA," $1,251.58 ",2023/01/16,dailybugle.com
1341.0,Bruce Rogers,stark.com,Business,FL," $1,321.33 ",2023-03-27,stark.com
1936.0,Bruce Brown,skynet.com,Journalism,NY,$519.32,03-11-2023,skynet.com
1313.0,Hal Connor,yahoo.com,Physics,CA,$839.16,2023-08-17,yahoo.com
1149.0,Bob Jane,outlook.com,History,KS,$952.33,12/23/2023,outlook.com
1124.0,Bob Rogers,edu.org,Business,NV, $265.98 ,2023-03-02,edu.org
1846.0,Charlie Curry,gmail.com,Physics,NV," $1,265.39 ",2023-10-21,gmail.com
1885.0,Diana Connor,gmail.com,Math,OR, $806.82 ,08/24/2023,gmail.com
1050.0,Charlie Jones,outlook.com,Art,OR,"$1,730.52",09/05/2023,outlook.com
1353.0,John Rogers,gmail.com,Biology,NY,$912.37,unknown,gmail.com
1998.0,Sara Jane,skynet.com,Agriculture,,"$1,926.19",04/24/2023,skynet.com
1142.0,Mary Brown,gmail.com,,AZ,"$1,196.09",pending,gmail.com
1470.0,Hal Jane,edu.org,Business,AZ,$202.56,12-12-2023,edu.org
1399.0,Mary Parker,skynet.com,Business,NY,"$1,680.76",2023-05-28,skynet.com
1929.0,Wanda Parker,stark.com,History,,"$1,377.99",12-03-2023,stark.com
,Diana Curry,stark.com,Journalism,OR," $1,832.33 ",2023-11-27,stark.com
1019.0,John Jane,skynet.com,Business,, $616.52 ,01-21-2023,skynet.com
1907.0,Sara Prince,outlook.com,,NJ,"$1,995.77",unknown,outlook.com
1850.0,Bob Jones,dailybugle.com,Journalism,FL,$607.57,"Sep 02, 2023",dailybugle.com
1894.0,John Brown,gmail.com,Biology,,"$1,967.40",2023/12/18,gmail.com
1407.0,Wanda Stone,skynet.com,History,TX, $726.00 ,pending,skynet.com
1537.0,Hal Connor,skynet.com,,,"$1,027.13",2023-03-06,skynet.com
,Clark Smith,dailybugle.com,Engineering,AZ," $1,646.65 ",2023/08/30,dailybugle.com
1038.0,Steve Rogers,dailybugle.com,Agriculture,KS, $851.01 ,06/19/2023,dailybugle.com
1175.0,Bruce Maximoff,yahoo.com,,FL,"$1,083.09",12-22-2023,yahoo.com
1245.0,Diana Brown,gmail.com,History,WA,$553.36,12-14-2023,gmail.com
1892.0,Bruce Connor,gmail.com,Business,OR,"$1,956.72",2023-07-09,gmail.com
1721.0,Hal Stone,stark.com,Computer Science,KS,"$1,004.61",04-26-2023,stark.com
1943.0,Wanda Allen,gmail.com,,NY,"$1,730.50",2023-09-28,gmail.com
,Bruce Rogers,outlook.com,Math,NY,$543.62,06-08-2023,outlook.com
1154.0,Sara Rogers,gmail.com,History,NV,"$1,010.88",12/17/2023,gmail.com
1638.0,John Allen,yahoo.com,Math,FL,"$1,140.74",06/30/2023,yahoo.com
1287.0,Steve Parker,outlook.com,Art,NV,$320.69,2023-08-19,outlook.com
1625.0,Wanda Connor,skynet.com,Journalism,WA, $933.11 ,pending,skynet.com
1741.0,Wanda Kent,gmail.com,Business,NV," $1,478.03 ","Nov 13, 2023",gmail.com
1569.0,Victor Wayne,edu.org,Business,NY,"$1,325.49",11-01-2023,edu.org
1801.0,Bruce Smith,outlook.com,Business,FL,"$1,365.76",2023/06/26,outlook.com
1017.0,John Prince,gmail.com,Physics,AZ,$421.26,"Dec 18, 2023",gmail.com
,Wanda Wayne,skynet.com,History,AZ,$637.81,12-11-2023,skynet.com
1322.0,John Curry,yahoo.com,Engineering,KS,"$1,419.68",02/14/2023,yahoo.com
1255.0,Mary Connor,edu.org,Art,CA," $1,793.94 ",11/29/2023,edu.org
1790.0,Wanda Parker,edu.org,,AZ,$777.62,05-28-2023,edu.org
1499.0,Victor Prince,gmail.com,Business,TX,$664.09,12/19/2023,gmail.com
1190.0,Alice Connor,edu.org,,FL,$693.62,11-22-2023,edu.org
1115.0,Clark Brown,gmail.com,,OR, $201.09 ,2023/01/03,gmail.com
1665.0,Mary Wayne,outlook.com,Physics,CA," $1,627.97 ",04/18/2023,outlook.com
,John Maximoff,dailybugle.com,,WA,"$1,446.51",06/27/2023,dailybugle.com
1180.0,Sara Doe,edu.org,,NY, $23.91 ,2023-04-24,edu.org
1301.0,Diana Maximoff,skynet.com,Engineering,AZ,"$1,459.85","Dec 24, 2023",skynet.com
1829.0,Arthur Parker,dailybugle.com,,NV,"$1,597.70",07/12/2023,dailybugle.com
1900.0,Arthur Maximoff,stark.com,Physics,," $1,566.41 ",unknown,stark.com
1780.0,Steve Curry,outlook.com,Biology,OR,$994.27,pending,outlook.com
1739.0,Peter Brown,outlook.com,Agriculture,WA,"$1,559.51",05/15/2023,outlook.com
1715.0,Bob Curry,gmail.com,Engineering,NY,"$1,673.71",03-01-2023,gmail.com
1517.0,Alice Brown,edu.org,Agriculture,FL,$486.71,"Dec 04, 2023",edu.org
,Barry Prince,yahoo.com,Physics,NY,$82.30,03/06/2023,yahoo.com
1045.0,Clark Rogers,gmail.com,,AZ,"$1,174.25",12-11-2023,gmail.com
1977.0,Wanda Wayne,gmail.com,Physics,KS,$816.85,10-21-2023,gmail.com
1157.0,Wanda Kent,stark.com,Journalism,AZ,"$1,265.54",03-13-2023,stark.com
1802.0,Steve Brown,outlook.com,Journalism,WA,"$1,610.90",08/24/2023,outlook.com
,Sara Jane,yahoo.com,Engineering,NY,"$1,542.86",2023-08-08,yahoo.com
1016.0,Bob Doe,skynet.com,Journalism,FL,$739.05,10-06-2023,skynet.com
,Sara Rogers,dailybugle.com,Physics,TX,$396.04,02/26/2023,dailybugle.com
1048.0,Peter Kent,gmail.com,,FL,"$1,419.57","Jan 08, 2023",gmail.com
,Arthur Maximoff,stark.com,,, $771.87 ,03-27-2023,stark.com
,Alice Jones,skynet.com,Engineering,CA,$993.27,"Oct 01, 2023",skynet.com
,Hal Brown,edu.org,Agriculture,FL,$6.26,pending,edu.org
1734.0,Sara Smith,yahoo.com,Biology,FL,"$1,171.35",unknown,yahoo.com
1740.0,Diana Allen,edu.org,Business,,"$1,879.97",07/29/2023,edu.org
1480.0,Steve Rogers,yahoo.com,Agriculture,WA,$437.19,"Jul 13, 2023",yahoo.com
1283.0,Bruce Jordan,edu.org,Computer Science,FL,$945.65,2023/06/09,edu.org
1774.0,Arthur Allen,stark.com,Computer Science,KS,"$1,243.60",2023-07-15,stark.com
1706.0,Mary Rogers,stark.com,History,NY,$775.15,03/10/2023,stark.com
1225.0,Diana Parker,stark.com,Math,AZ,$946.27,2023-08-20,stark.com
1026.0,Bruce Prince,edu.org,Art,WA,$988.75,"Dec 02, 2023",edu.org
1842.0,Sara Doe,gmail.com,Agriculture,,"$1,383.60","Jul 23, 2023",gmail.com
1437.0,Alice Jones,outlook.com,Biology,NV,$534.98,12-20-2023,outlook.com
1371.0,Arthur Rogers,outlook.com,Engineering,NJ,$453.56,05-28-2023,outlook.com
,Steve Smith,edu.org,Math,WA,"$1,899.87",2023-06-01,edu.org
1229.0,Arthur Jordan,edu.org,Engineering,TX,$276.36,2023-09-20,edu.org
1037.0,Hal Curry,outlook.com,Engineering,NV,"$1,896.13",07/28/2023,outlook.com
1669.0,Bruce Jones,gmail.com,Math,NV," $1,322.26 ",2023/01/19,gmail.com
,Victor Brown,yahoo.com,,FL,"$1,669.90",06/21/2023,yahoo.com
1374.0,Arthur Brown,edu.org,Art,AZ," $1,457.09 ","Jun 23, 2023",edu.org
1469.0,Hal Curry,stark.com,Engineering,WA,$131.58,unknown,stark.com
1198.0,Charlie Jane,stark.com,Biology,WA, $403.84 ,03-17-2023,stark.com
1687.0,Clark Prince,skynet.com,Engineering,FL,$154.95,2023-04-21,skynet.com
1916.0,Alice Brown,gmail.com,Journalism,NY,$528.56,10-15-2023,gmail.com
1758.0,Bruce Wayne,stark.com,Journalism,TX," $1,158.74 ",01-18-2023,stark.com
1783.0,Bob Jones,skynet.com,Physics,CA,"$1,298.81",03/03/2023,skynet.com
1194.0,Peter Parker,outlook.com,Biology,NV,"$1,679.71",pending,outlook.com
1920.0,Bruce Smith,outlook.com,Art,,$420.41,pending,outlook.com
1930.0,Steve Parker,skynet.com,Art,WA," $1,392.76 ","Aug 20, 2023",skynet.com
1503.0,Bob Parker,yahoo.com,History,NY,$852.48,03-26-2023,yahoo.com
1687.0,Clark Prince,skynet.com,Engineering,FL,$154.95,2023-04-21,skynet.com
1895.0,Bob Smith,skynet.com,,TX," $1,794.11 ",2023-09-09,skynet.com
1579.0,Sara Prince,outlook.com,Engineering,OR,"$1,300.58",2023/03/05,outlook.com
1160.0,Victor Jordan,skynet.com,Journalism,OR,$654.58,02-17-2023,skynet.com
1680.0,John Rogers,yahoo.com,Biology,FL,$894.17,"Feb 25, 2023",yahoo.com
1162.0,Alice Jane,stark.com,Agriculture,,"$1,916.06",2023/12/19,stark.com
1705.0,Sara Maximoff,gmail.com,History,FL,$308.28,pending,gmail.com
1756.0,Mary Rogers,stark.com,Biology,OR,"$1,799.10","Jun 15, 2023",stark.com
1152.0,Sara Allen,skynet.com,Computer Science,OR," $1,234.73 ",12-28-2023,skynet.com
1800.0,Victor Doe,yahoo.com,History,,$6.84,07-18-2023,yahoo.com
1754.0,Sara Stone,gmail.com,Biology,NJ,$807.31,"May 16, 2023",gmail.com
1814.0,Clark Jones,stark.com,Computer Science,, $257.05 ,unknown,stark.com
1111.0,Steve Connor,stark.com,Biology,NY,$381.57,2023-08-03,stark.com
1226.0,Bruce Doe,dailybugle.com,,OR, $280.90 ,2023-07-29,dailybugle.com
1883.0,Bruce Brown,outlook.com,Agriculture,,"$1,919.24",03-16-2023,outlook.com
1103.0,Bob Smith,stark.com,Art,OR,"$1,777.99",2023/11/25,stark.com
1421.0,Clark Parker,gmail.com,Agriculture,KS,$51.92,2023-12-15,gmail.com
1419.0,Sara Curry,yahoo.com,,CA,$940.50,08/28/2023,yahoo.com
1808.0,Diana Jane,gmail.com,Art,NV,"$1,104.64","May 24, 2023",gmail.com
1586.0,Hal Doe,dailybugle.com,Art,," $1,328.13 ",pending,dailybugle.com
1076.0,Wanda Allen,stark.com,Journalism,TX,$152.76,"Sep 29, 2023",stark.com
1672.0,Diana Wayne,skynet.com,Agriculture,FL, $224.73 ,05/28/2023,skynet.com
1119.0,Hal Stone,edu.org,History,,$767.15,2023/05/17,edu.org
,Clark Curry,outlook.com,Agriculture,CA,"$1,234.92",2023/12/17,outlook.com
1151.0,Hal Doe,edu.org,,NJ," $1,504.65 ","Feb 02, 2023",edu.org
1403.0,Bob Parker,dailybugle.com,Business,TX,$383.83,06/08/2023,dailybugle.com
1280.0,Clark Stone,outlook.com,Agriculture,CA, $304.30 ,2023-01-12,outlook.com
1207.0,Barry Prince,outlook.com,Engineering,NV," $1,530.95 ",11/04/2023,outlook.com
1658.0,Barry Parker,stark.com,Computer Science,FL," $1,130.80 ","Nov 19, 2023",stark.com
1909.0,Clark Jones,skynet.com,Computer Science,TX,$291.63,"Dec 20, 2023",skynet.com
1978.0,John Rogers,dailybugle.com,Computer Science,CA, $805.32 ,2023/05/01,dailybugle.com
1008.0,Diana Wayne,stark.com,,TX,$256.78,2023-10-09,stark.com
1869.0,Mary Allen,outlook.com,,TX," $1,567.74 ",12/18/2023,outlook.com
1036.0,Barry Maximoff,edu.org,Art,FL,"$1,661.46",2023-08-19,edu.org
,Wanda Kent,skynet.com,Math,,"$1,910.34",2023/01/28,skynet.com
1651.0,Wanda Stone,edu.org,History,, $30.37 ,unknown,edu.org
1253.0,Sara Jordan,gmail.com,Art,OR, $341.13 ,2023-11-04,gmail.com
1303.0,Diana Jordan,edu.org,Math,, $397.75 ,2023/10/15,edu.org
1910.0,Barry Doe,yahoo.com,Art,AZ,"$1,495.47",04-27-2023,yahoo.com
1571.0,Diana Jane,edu.org,Agriculture,NJ,"$1,838.30",2023-12-30,edu.org
1623.0,Charlie Jones,outlook.com,Agriculture,FL,"$1,623.42",08/05/2023,outlook.com
1764.0,Victor Parker,skynet.com,Agriculture,TX,"$1,443.10",2023-02-08,skynet.com
1992.0,Victor Rogers,stark.com,Journalism,,"$1,919.60","Mar 18, 2023",stark.com
1262.0,Hal Jordan,skynet.com,Math,KS, $694.95 ,"Apr 26, 2023",skynet.com
1610.0,Steve Kent,outlook.com,History,FL,"$1,389.93",unknown,outlook.com
1297.0,Alice Prince,yahoo.com,,WA," $1,942.08 ","Oct 22, 2023",yahoo.com
1414.0,Mary Doe,gmail.com,History,NJ,$575.92,03/08/2023,gmail.com
,Alice Jane,skynet.com,Math,OR,$463.71,2023-04-05,skynet.com
1848.0,Barry Jordan,dailybugle.com,Computer Science,OR,$311.40,04-07-2023,dailybugle.com
1640.0,Diana Kent,gmail.com,History,AZ,"$1,000.09","Jan 30, 2023",gmail.com
1956.0,Victor Stone,dailybugle.com,,CA," $1,877.69 ","Jan 29, 2023",dailybugle.com
1550.0,Victor Smith,outlook.com,Physics,, $104.26 ,2023-04-19,outlook.com
1851.0,Steve Smith,edu.org,Art,OR,"$1,989.28",09-07-2023,edu.org
1488.0,Steve Doe,yahoo.com,Math,,$114.91,03/29/2023,yahoo.com
1710.0,Hal Maximoff,outlook.com,Computer Science,OR," $1,004.12 ",12/31/2023,outlook.com
1147.0,Hal Stone,gmail.com,Journalism,AZ, $88.59 ,"Dec 13, 2023",gmail.com
1146.0,Wanda Parker,yahoo.com,History,TX," $1,430.47 ",02/07/2023,yahoo.com
1777.0,Arthur Wayne,edu.org,History,FL, $880.71 ,pending,edu.org
1740.0,Diana Allen,edu.org,Business,,"$1,879.97",07/29/2023,edu.org
1853.0,Victor Jane,gmail.com,Agriculture,AZ, $776.36 ,12-01-2023,gmail.com
,Wanda Maximoff,yahoo.com,History,TX,$809.99,pending,yahoo.com
1659.0,Mary Smith,outlook.com,Art,FL, $657.37 ,2023-07-05,outlook.com
1348.0,Bob Jones,dailybugle.com,Biology,NJ,$303.21,"Jul 20, 2023",dailybugle.com
,Clark Allen,edu.org,Biology,AZ,$418.17,11/23/2023,edu.org
1325.0,John Prince,skynet.com,Agriculture,NJ,$298.64,2023/01/08,skynet.com
1186.0,Barry Doe,stark.com,Agriculture,TX,$980.87,"Apr 30, 2023",stark.com
,Charlie Stone,outlook.com,History,CA, $847.39 ,2023/10/05,outlook.com
1919.0,Mary Stone,dailybugle.com,,AZ,$239.95,03-09-2023,dailybugle.com
1608.0,Victor Wayne,dailybugle.com,Engineering,CA, $221.61 ,2023-02-08,dailybugle.com
1143.0,Bob Wayne,outlook.com,Physics,,$869.35,09-05-2023,outlook.com
1751.0,Mary Connor,edu.org,Computer Science,KS,$955.96,pending,edu.org
1947.0,Sara Prince,edu.org,Engineering,NV," $1,151.42 ",2023/09/16,edu.org
1197.0,Bruce Smith,skynet.com,Agriculture,WA," $1,805.55 ","Sep 15, 2023",skynet.com
1609.0,Hal Kent,yahoo.com,Physics,WA,"$1,273.81","Sep 25, 2023",yahoo.com
1279.0,Victor Jordan,outlook.com,,NV," $1,529.08 ","Dec 22, 2023",outlook.com
1293.0,Wanda Allen,edu.org,Business,KS,"$1,216.83",04/20/2023,edu.org
1896.0,Bob Prince,edu.org,Engineering,,"$1,704.31",12/22/2023,edu.org
1400.0,Hal Wayne,outlook.com,,OR,$854.21,"Feb 09, 2023",outlook.com
1122.0,Mary Smith,yahoo.com,Math,FL,"$1,433.84",09/19/2023,yahoo.com
1183.0,Bruce Prince,edu.org,Math,NV," $1,589.69 ",01/01/2024,edu.org
1202.0,Bruce Brown,dailybugle.com,Computer Science,FL,"$1,826.87",09-06-2023,dailybugle.com
1438.0,Mary Smith,stark.com,Computer Science,CA,"$1,014.61",03-02-2023,stark.com
1246.0,Wanda Maximoff,stark.com,Physics,FL, $526.47 ,02-09-2023,stark.com
1415.0,Peter Prince,outlook.com,History,FL,$739.28,unknown,outlook.com
1836.0,Bob Smith,skynet.com,Math,TX,$794.36,2023/01/04,skynet.com
1824.0,Steve Smith,yahoo.com,Agriculture,WA, $981.01 ,2023-11-20,yahoo.com
1974.0,Wanda Jones,skynet.com,,AZ,$646.05,2023-07-22,skynet.com
1827.0,Bruce Wayne,stark.com,,NV,$981.88,unknown,stark.com
1954.0,Mary Prince,skynet.com,,FL, $341.20 ,"Apr 21, 2023",skynet.com
1129.0,Sara Rogers,gmail.com,Business,TX,$776.84,"Jun 19, 2023",gmail.com
1637.0,Peter Parker,stark.com,History,, $48.49 ,2023-02-19,stark.com
1402.0,Wanda Kent,skynet.com,Agriculture,,$300.95,06-03-2023,skynet.com
1844.0,Wanda Doe,stark.com,Biology,NY,"$1,196.10","Aug 30, 2023",stark.com
1830.0,John Prince,outlook.com,Physics,WA,"$1,110.53",2023-06-10,outlook.com
1735.0,Alice Curry,edu.org,Math,AZ,$974.46,10/25/2023,edu.org
1981.0,Clark Wayne,yahoo.com,Biology,CA,"$1,902.80","Apr 28, 2023",yahoo.com
,Sara Smith,gmail.com,Biology,,$276.79,06/18/2023,gmail.com
1641.0,Steve Kent,stark.com,,KS,"$1,848.35",2023-02-01,stark.com
1983.0,Hal Maximoff,skynet.com,Business,AZ,$126.96,08/25/2023,skynet.com
,Steve Allen,yahoo.com,,WA,"$1,833.53",2023-12-09,yahoo.com
1867.0,Steve Allen,outlook.com,Engineering,,$753.12,pending,outlook.com
1988.0,Sara Kent,yahoo.com,Journalism,AZ, $343.71 ,04-24-2023,yahoo.com
1624.0,Clark Prince,dailybugle.com,Engineering,,"$1,108.57",2023-02-13,dailybugle.com
1903.0,Alice Maximoff,gmail.com,Biology,NY, $949.04 ,2023/08/26,gmail.com
1819.0,Barry Wayne,stark.com,Biology,, $688.45 ,11-14-2023,stark.com
1386.0,John Rogers,gmail.com,Biology,," $1,335.17 ",2023/03/05,gmail.com
1901.0,Arthur Brown,yahoo.com,Business,,$18.45,06-25-2023,yahoo.com
1806.0,Hal Parker,skynet.com,Art,CA," $1,352.38 ",pending,skynet.com
1509.0,Sara Doe,dailybugle.com,Computer Science,FL,"$1,752.01",2023-08-07,dailybugle.com
,Alice Rogers,yahoo.com,Math,FL,"$1,500.34",09-27-2023,yahoo.com
1881.0,Hal Jordan,stark.com,Business,OR,$252.48,"Feb 07, 2023",stark.com
1441.0,Wanda Allen,outlook.com,Physics,WA,"$1,518.38",2023-11-25,outlook.com
1496.0,Mary Jordan,stark.com,History,FL,$399.97,2023/01/15,stark.com
1112.0,Victor Rogers,skynet.com,Journalism,OR,"$1,050.95",03/30/2023,skynet.com
1691.0,Victor Maximoff,yahoo.com,,OR,"$1,541.49",2023-08-06,yahoo.com
1232.0,Alice Prince,yahoo.com,Engineering,CA,"$1,852.97",12/17/2023,yahoo.com
1935.0,Wanda Jones,dailybugle.com,Computer Science,WA,"$1,818.67",unknown,dailybugle.com
1607.0,Arthur Rogers,stark.com,Computer Science,AZ,$205.49,2023-01-06,stark.com
1671.0,Peter Doe,edu.org,Art,AZ,$469.43,"Sep 29, 2023",edu.org
1373.0,Peter Smith,edu.org,Physics,NY,"$1,840.87",09-13-2023,edu.org
1663.0,Victor Allen,skynet.com,Computer Science,CA, $147.51 ,2023/08/18,skynet.com
1908.0,Mary Doe,gmail.com,Journalism,," $1,532.00 ","Aug 27, 2023",gmail.com
1233.0,John Kent,dailybugle.com,Journalism,NV,"$1,476.90",2023-04-10,dailybugle.com
1938.0,Arthur Doe,gmail.com,Art,,"$1,375.91",02/20/2023,gmail.com
1845.0,Barry Brown,outlook.com,Physics,OR,"$1,351.42",unknown,outlook.com
1676.0,Sara Jordan,edu.org,History,CA," $1,690.96 ",2023-09-27,edu.org
1317.0,Bob Prince,skynet.com,History,NY," $1,142.73 ",2023/09/28,skynet.com
1648.0,Charlie Smith,gmail.com,Biology,AZ, $768.35 ,unknown,gmail.com
1410.0,Steve Stone,dailybugle.com,Computer Science,AZ,"$1,458.46",06/17/2023,dailybugle.com
1965.0,Charlie Stone,skynet.com,Math,WA,"$1,321.84",10/09/2023,skynet.com
1709.0,Steve Smith,stark.com,,NY,"$1,311.74",2023-01-07,stark.com
1358.0,Bruce Maximoff,yahoo.com,,," $1,687.56 ",2023-09-12,yahoo.com
1258.0,Barry Kent,outlook.com,Agriculture,NJ," $1,155.30 ",07-23-2023,outlook.com
1744.0,Clark Prince,stark.com,History,OR,$455.36,"Apr 12, 2023",stark.com
1627.0,Wanda Maximoff,skynet.com,,OR," $1,381.19 ",03-04-2023,skynet.com
1632.0,Hal Doe,outlook.com,Agriculture,OR, $553.81 ,"Jul 03, 2023",outlook.com
1282.0,Arthur Jones,stark.com,Math,FL,"$1,791.40",07-15-2023,stark.com
1376.0,Peter Doe,yahoo.com,Art,CA,"$1,816.89",03-17-2023,yahoo.com
1384.0,Mary Parker,edu.org,Computer Science,CA,$959.04,2023-07-05,edu.org
1224.0,Bruce Jones,gmail.com,Biology,,$824.68,01-01-2023,gmail.com
1101.0,Charlie Stone,outlook.com,Journalism,FL, $692.05 ,05-26-2023,outlook.com
1876.0,Bruce Kent,edu.org,History,,"$1,831.70","Dec 23, 2023",edu.org
1472.0,Victor Allen,outlook.com,Engineering,CA,"$1,035.36",unknown,outlook.com
,Clark Connor,dailybugle.com,Physics,WA,$436.77,08-15-2023,dailybugle.com
1505.0,Victor Brown,edu.org,Engineering,TX,"$1,105.70",07/14/2023,edu.org
1639.0,Charlie Jones,stark.com,Computer Science,,$461.15,pending,stark.com
1277.0,Wanda Stone,edu.org,Computer Science,KS,$824.41,pending,edu.org
1797.0,Steve Parker,stark.com,Computer Science,NY,$483.50,08-13-2023,stark.com
1999.0,Wanda Prince,outlook.com,Computer Science,TX," $1,415.13 ",02-24-2023,outlook.com
1973.0,Sara Jane,stark.com,Journalism,,$991.50,06/26/2023,stark.com
1619.0,Steve Jane,stark.com,Physics,CA, $488.74 ,08/09/2023,stark.com
,Sara Parker,outlook.com,Computer Science,AZ,"$1,047.74",12/19/2023,outlook.com
1864.0,Charlie Rogers,dailybugle.com,Engineering,AZ,"$1,027.04",2023/06/15,dailybugle.com
1645.0,John Wayne,gmail.com,Art,FL,"$1,996.18",07/23/2023,gmail.com
1912.0,Bob Brown,edu.org,Math,KS, $239.51 ,11/23/2023,edu.org
1556.0,Wanda Kent,yahoo.com,,CA," $1,279.23 ",2023/05/23,yahoo.com
1681.0,Bob Jane,yahoo.com,Agriculture,AZ,"$1,521.16",2023-09-10,yahoo.com
1577.0,Charlie Connor,stark.com,,AZ,"$1,711.91",12-31-2023,stark.com
1795.0,Steve Kent,dailybugle.com,Physics,FL,$141.05,2023/03/23,dailybugle.com
1085.0,Steve Parker,stark.com,Math,TX," $1,633.78 ",03-12-2023,stark.com
1242.0,Diana Allen,gmail.com,,NV,"$1,095.05",04-18-2023,gmail.com
,Sara Doe,stark.com,History,TX,$620.97,2023-05-27,stark.com
1940.0,Charlie Rogers,stark.com,Math,CA,$628.23,09/17/2023,stark.com
1159.0,Victor Smith,yahoo.com,,FL,"$1,522.95",2023-09-08,yahoo.com
1524.0,Arthur Stone,gmail.com,Engineering,FL,"$1,402.22",2023-02-19,gmail.com
1035.0,Bob Wayne,outlook.com,Journalism,,"$1,295.09",08-04-2023,outlook.com
1540.0,John Stone,edu.org,Math,WA,$27.80,01-04-2023,edu.org
1170.0,Charlie Curry,dailybugle.com,History,,$172.43,"Aug 21, 2023",dailybugle.com
1654.0,Clark Kent,yahoo.com,,," $1,368.88 ",10/24/2023,yahoo.com
1970.0,Bruce Kent,gmail.com,Agriculture,WA,"$1,525.93","Mar 08, 2023",gmail.com
1923.0,Victor Doe,edu.org,Engineering,WA,$539.28,2023/08/13,edu.org
1913.0,Victor Prince,stark.com,Physics,WA," $1,962.62 ",unknown,stark.com
1899.0,Peter Rogers,gmail.com,,NJ, $779.12 ,"Aug 26, 2023",gmail.com
1733.0,Barry Smith,edu.org,History,TX,"$1,379.40",2023-05-06,edu.org
1095.0,Alice Jones,yahoo.com,Agriculture,, $134.47 ,07/07/2023,yahoo.com
,Diana Jane,yahoo.com,,TX,$706.62,12/17/2023,yahoo.com
1240.0,Bruce Kent,skynet.com,,NY,"$1,511.92",12-25-2023,skynet.com
1742.0,Mary Jones,stark.com,Agriculture,AZ,"$1,172.23","Jan 29, 2023",stark.com
1863.0,Clark Maximoff,stark.com,Journalism,OR,"$1,022.88","Dec 19, 2023",stark.com
1574.0,John Prince,gmail.com,Art,,"$1,972.99",01/25/2023,gmail.com
1690.0,Diana Jane,outlook.com,Journalism,AZ," $1,684.38 ",11-21-2023,outlook.com
1460.0,Victor Parker,dailybugle.com,Agriculture,KS,$683.26,11/03/2023,dailybugle.com
1553.0,Steve Parker,stark.com,Math,KS, $896.96 ,unknown,stark.com
1857.0,Bruce Brown,dailybugle.com,Journalism,OR, $133.64 ,"Apr 05, 2023",dailybugle.com
1944.0,John Kent,edu.org,History,WA,"$1,436.36",unknown,edu.org
1206.0,Sara Doe,edu.org,Agriculture,OR,$604.29,11/16/2023,edu.org
1392.0,Hal Jane,outlook.com,Art,OR,"$1,022.83",2023-08-21,outlook.com
1794.0,Bruce Kent,dailybugle.com,Engineering,CA,$831.77,05-23-2023,dailybugle.com
,Alice Doe,yahoo.com,Art,NJ,"$1,855.70",2023-05-02,yahoo.com
1397.0,Arthur Jordan,yahoo.com,Art,," $1,375.98 ",02/28/2023,yahoo.com
1766.0,Victor Jordan,yahoo.com,Computer Science,AZ,"$1,888.68",2023-08-16,yahoo.com
1914.0,Diana Stone,outlook.com,,KS,$636.62,2023-10-23,outlook.com
1217.0,Mary Jane,outlook.com,Engineering,NV,$992.71,09/04/2023,outlook.com
1004.0,Alice Wayne,gmail.com,Art,KS,$425.25,11/26/2023,gmail.com
1768.0,Arthur Kent,dailybugle.com,Art,OR,"$1,516.92",unknown,dailybugle.com
,Alice Allen,yahoo.com,Biology,,$993.19,06/29/2023,yahoo.com
1964.0,Bruce Wayne,dailybugle.com,Biology,NJ," $1,656.03 ",07-28-2023,dailybugle.com
1612.0,Peter Jordan,edu.org,Computer Science,OR,$374.06,"Dec 05, 2023",edu.org
1738.0,Wanda Curry,stark.com,,NJ,"$1,003.56",09/29/2023,stark.com
1546.0,Clark Jane,stark.com,Business,WA, $262.84 ,2023-01-11,stark.com
1725.0,Wanda Wayne,stark.com,Physics,NY,$13.77,12/13/2023,stark.com
1985.0,John Jordan,gmail.com,Biology,KS,"$1,511.13",11/14/2023,gmail.com
1683.0,Bob Jane,yahoo.com,Computer Science,,$848.36,09/26/2023,yahoo.com
1098.0,Bob Maximoff,dailybugle.com,,NJ," $1,702.72 ","Dec 25, 2023",dailybugle.com
1804.0,Peter Parker,skynet.com,Business,NJ,$427.03,"Feb 25, 2023",skynet.com
1727.0,Wanda Stone,outlook.com,Journalism,,$486.14,unknown,outlook.com
1573.0,Hal Jordan,gmail.com,,KS,$56.10,2023-10-05,gmail.com
1406.0,Clark Rogers,stark.com,Business,FL,"$1,871.00",2023-02-24,stark.com
1502.0,Diana Doe,stark.com,History,WA,"$1,042.94",pending,stark.com
1047.0,Hal Smith,dailybugle.com,Agriculture,FL,"$1,036.88","Sep 13, 2023",dailybugle.com
,Victor Brown,edu.org,Business,WA,$504.54,01-10-2023,edu.org
1779.0,Clark Stone,gmail.com,Physics,FL,"$1,591.11",2023/02/19,gmail.com
1839.0,Bruce Kent,edu.org,Business,OR,"$1,968.46",2023/03/26,edu.org
1200.0,Mary Jane,outlook.com,Agriculture,OR,$74.93,"Mar 15, 2023",outlook.com
1134.0,Steve Rogers,skynet.com,Biology,NY,"$1,890.38",01/04/2023,skynet.com
1027.0,Mary Stone,skynet.com,Computer Science,OR," $1,335.16 ",11/01/2023,skynet.com
1946.0,Clark Jones,outlook.com,Journalism,CA, $373.18 ,12/12/2023,outlook.com
1230.0,Arthur Parker,skynet.com,Journalism,KS,"$1,124.56",12-08-2023,skynet.com
1489.0,Hal Connor,stark.com,History,OR,$317.56,"Jun 08, 2023",stark.com
1772.0,Victor Doe,outlook.com,Biology,NJ,$717.18,2023/06/30,outlook.com
1378.0,Bob Brown,skynet.com,Computer Science,,"$1,277.61","Mar 31, 2023",skynet.com
1288.0,Barry Maximoff,stark.com,Journalism,NV,"$1,638.10",12/16/2023,stark.com
1418.0,Victor Brown,dailybugle.com,Business,NJ," $1,225.86 ","May 16, 2023",dailybugle.com
1674.0,Alice Curry,gmail.com,History,CA,$617.02,10-21-2023,gmail.com
,Steve Jane,edu.org,Art,TX, $129.42 ,2023-06-23,edu.org
1592.0,Wanda Stone,outlook.com,Math,NJ, $614.79 ,"Aug 01, 2023",outlook.com
1498.0,Victor Jane,edu.org,History,,"$1,630.17",pending,edu.org
1138.0,Arthur Jane,stark.com,Art,CA,"$1,848.32",05-24-2023,stark.com
1062.0,Steve Jane,edu.org,Agriculture,NJ,$65.43,08/16/2023,edu.org
1471.0,Arthur Parker,dailybugle.com,Journalism,AZ,$889.25,unknown,dailybugle.com
1647.0,Mary Smith,gmail.com,Physics,NV, $461.07 ,2023-04-18,gmail.com
1128.0,Charlie Wayne,skynet.com,Journalism,WA,"$1,571.61",08/02/2023,skynet.com
,Wanda Jane,yahoo.com,Physics,AZ,$516.11,"Apr 04, 2023",yahoo.com
1520.0,Bob Jane,yahoo.com,Business,CA,$621.60,04-08-2023,yahoo.com
1838.0,Hal Parker,stark.com,Engineering,FL," $1,773.30 ",07/04/2023,stark.com
1139.0,Alice Connor,gmail.com,Art,WA,"$1,354.07",07-16-2023,gmail.com
,Arthur Wayne,stark.com,History,FL,$657.12,pending,stark.com
,Bruce Prince,outlook.com,Physics,AZ,$21.36,06/04/2023,outlook.com
1014.0,Arthur Smith,skynet.com,,AZ, $135.92 ,2023-07-26,skynet.com
1156.0,Mary Kent,stark.com,Math,WA, $204.83 ,2023-05-07,stark.com
1040.0,Diana Doe,dailybugle.com,Agriculture,,$24.53,09/03/2023,dailybugle.com
1492.0,Alice Wayne,dailybugle.com,History,WA,"$1,984.78",unknown,dailybugle.com
1379.0,Charlie Parker,stark.com,Agriculture,OR, $449.04 ,2023-03-20,stark.com
,Steve Doe,stark.com,Journalism,, $295.42 ,03-14-2023,stark.com
1763.0,Barry Wayne,yahoo.com,,AZ, $452.51 ,"Mar 19, 2023",yahoo.com
1216.0,John Smith,dailybugle.com,Biology,NY,"$1,324.97",11-07-2023,dailybugle.com
1921.0,Peter Maximoff,edu.org,Math,OR," $1,326.24 ",2023-03-16,edu.org
1791.0,Alice Parker,dailybugle.com,,,"$1,933.54",2023/06/30,dailybugle.com
1052.0,Charlie Rogers,stark.com,Computer Science,OR,$30.70,2023/12/02,stark.com
1878.0,Sara Prince,gmail.com,History,NY,$134.76,"Apr 02, 2023",gmail.com
1337.0,Bruce Kent,gmail.com,Computer Science,," $1,462.59 ",05/24/2023,gmail.com
1748.0,John Doe,dailybugle.com,Art,AZ, $305.21 ,04/16/2023,dailybugle.com
1719.0,Bob Rogers,outlook.com,Agriculture,CA,$311.80,11/16/2023,outlook.com
1724.0,Hal Parker,edu.org,History,NJ,$129.63,10/23/2023,edu.org
1295.0,Clark Brown,outlook.com,Computer Science,AZ," $1,835.76 ",06-16-2023,outlook.com
1701.0,Clark Parker,yahoo.com,Journalism,WA," $1,316.61 ",06-15-2023,yahoo.com
,Charlie Maximoff,yahoo.com,Art,NY,"$1,322.22",06-19-2023,yahoo.com
1726.0,Steve Jordan,edu.org,Biology,WA," $1,656.62 ",01/21/2023,edu.org
1461.0,Charlie Doe,skynet.com,Agriculture,NV, $162.30 ,unknown,skynet.com
1455.0,Victor Connor,gmail.com,Business,NJ, $751.03 ,unknown,gmail.com
1270.0,Mary Kent,yahoo.com,Physics,CA,$353.21,"Nov 19, 2023",yahoo.com
1815.0,Charlie Wayne,dailybugle.com,Art,," $1,165.51 ","Aug 24, 2023",dailybugle.com
1862.0,Sara Wayne,edu.org,,,"$1,783.30",pending,edu.org
1269.0,Clark Wayne,edu.org,Journalism,WA,$559.26,2023/03/09,edu.org
1527.0,Hal Wayne,stark.com,Computer Science,WA,$550.43,pending,stark.com
1201.0,Hal Smith,outlook.com,Biology,NJ, $621.90 ,"Dec 23, 2023",outlook.com
1161.0,Barry Jones,outlook.com,Engineering,AZ, $261.19 ,06-25-2023,outlook.com
1555.0,Bob Connor,skynet.com,Physics,,"$1,143.80",01-05-2023,skynet.com
1729.0,Bruce Allen,skynet.com,Agriculture,NJ, $308.88 ,2023-03-07,skynet.com
1401.0,Diana Stone,dailybugle.com,Physics,NV,"$1,725.42","Apr 20, 2023",dailybugle.com
1702.0,John Connor,outlook.com,Agriculture,CA,$878.02,"Oct 31, 2023",outlook.com
,Peter Prince,yahoo.com,Physics,NY,$41.99,"Jul 14, 2023",yahoo.com
1821.0,Steve Curry,gmail.com,Business,OR, $648.74 ,07/26/2023,gmail.com
1771.0,Mary Jane,dailybugle.com,Journalism,OR,"$1,704.47",pending,dailybugle.com
1105.0,Mary Curry,edu.org,Business,TX," $1,626.96 ",2023-06-10,edu.org
1565.0,Sara Stone,outlook.com,Journalism,NY," $1,577.71 ",03-18-2023,outlook.com
1389.0,Hal Stone,gmail.com,Agriculture,NJ,"$1,114.26",06/17/2023,gmail.com
1001.0,Wanda Kent,outlook.com,Journalism,,$759.85,"Jun 26, 2023",outlook.com
1859.0,Charlie Curry,dailybugle.com,Agriculture,TX,$775.72,10-05-2023,dailybugle.com
1974.0,Wanda Jones,skynet.com,,AZ,$646.05,2023-07-22,skynet.com
1561.0,John Jane,yahoo.com,Engineering,,"$1,254.77",2023/01/05,yahoo.com
1931.0,Mary Doe,dailybugle.com,History,NJ,$921.71,"Apr 26, 2023",dailybugle.com
1080.0,Wanda Jane,gmail.com,Agriculture,NV,"$1,045.50",2023/07/10,gmail.com
1205.0,Diana Doe,dailybugle.com,History,WA," $1,026.56 ",pending,dailybugle.com
1034.0,Clark Allen,outlook.com,,,$623.91,07/12/2023,outlook.com
1942.0,Clark Wayne,stark.com,Biology,CA,"$1,250.03",2023-04-17,stark.com
1775.0,Steve Allen,gmail.com,,NV,"$1,400.46","Oct 14, 2023",gmail.com
,Hal Stone,dailybugle.com,Physics,OR,"$1,888.53","May 07, 2023",dailybugle.com
1427.0,Alice Jones,gmail.com,Art,KS,$509.72,pending,gmail.com
1454.0,Arthur Stone,gmail.com,,,$336.31,05-11-2023,gmail.com
1584.0,Peter Doe,dailybugle.com,Physics,,$810.14,12/31/2023,dailybugle.com
,Arthur Smith,skynet.com,Biology,KS,"$1,775.96",07/07/2023,skynet.com
1091.0,Arthur Brown,dailybugle.com,Physics,NY," $1,432.09 ",2023-01-19,dailybugle.com
1339.0,Barry Prince,gmail.com,Art,CA,"$1,312.64",pending,gmail.com
1897.0,Diana Prince,stark.com,Engineering,FL,$481.36,pending,stark.com
1564.0,Mary Rogers,skynet.com,Journalism,NY,"$1,791.17",04/02/2023,skynet.com
1345.0,Wanda Allen,skynet.com,History,NY,"$1,416.15",2023-11-06,skynet.com
1776.0,Bob Parker,yahoo.com,Math,TX,"$1,842.52","May 31, 2023",yahoo.com
1241.0,Mary Prince,edu.org,Biology,NV, $439.73 ,2023-10-07,edu.org
1013.0,Hal Smith,edu.org,Math,OR,$309.59,"Jan 30, 2023",edu.org
1315.0,Clark Parker,stark.com,,AZ, $596.88 ,2023-01-26,stark.com
1600.0,Barry Jane,outlook.com,History,KS,"$1,416.17",08-28-2023,outlook.com
1387.0,Peter Connor,outlook.com,Math,AZ,$483.65,02-20-2023,outlook.com
1273.0,Charlie Connor,stark.com,Computer Science,FL,$626.96,2023-12-30,stark.com
1166.0,Wanda Parker,edu.org,Physics,NY,$496.33,2023-11-08,edu.org
1840.0,Diana Wayne,outlook.com,Engineering,AZ,"$1,922.42",2023-07-08,outlook.com
1020.0,Bruce Jane,stark.com,Physics,CA, $358.72 ,07-30-2023,stark.com
1646.0,Bob Jones,edu.org,Journalism,NJ,"$1,737.94",05/17/2023,edu.org
1818.0,Charlie Parker,yahoo.com,History,AZ,$593.44,2023-11-24,yahoo.com
1484.0,Hal Jordan,dailybugle.com,Physics,FL, $453.85 ,2023-08-31,dailybugle.com
1312.0,Charlie Jordan,gmail.com,Physics,NY, $182.38 ,11/21/2023,gmail.com
1504.0,Sara Wayne,stark.com,Computer Science,KS,$796.49,08/14/2023,stark.com
1831.0,Clark Parker,gmail.com,,NV,$954.20,"Jul 12, 2023",gmail.com
1243.0,Barry Parker,yahoo.com,Engineering,TX,"$1,341.96",01-28-2023,yahoo.com
1566.0,Charlie Jordan,skynet.com,Engineering,,$646.11,07/17/2023,skynet.com
1875.0,John Wayne,skynet.com,Business,,$872.58,unknown,skynet.com
1562.0,Arthur Jones,outlook.com,Physics,NV,"$1,384.08",pending,outlook.com
1235.0,Alice Brown,stark.com,Journalism,,"$1,415.36","Apr 05, 2023",stark.com
,Peter Parker,gmail.com,Art,KS," $1,272.69 ","Jun 26, 2023",gmail.com
1957.0,Hal Jordan,yahoo.com,Computer Science,FL,$199.89,2023-04-22,yahoo.com
1189.0,Barry Wayne,dailybugle.com,Physics,CA," $1,897.58 ",07-20-2023,dailybugle.com
,Mary Stone,edu.org,Computer Science,OR,"$1,481.83",2023-09-20,edu.org
1699.0,Arthur Stone,outlook.com,Engineering,,$710.31,"Nov 25, 2023",outlook.com
1510.0,Hal Prince,dailybugle.com,Journalism,NJ," $1,497.46 ","Jul 23, 2023",dailybugle.com
1474.0,Diana Stone,yahoo.com,History,OR,"$1,247.84",06-19-2023,yahoo.com
1856.0,Barry Stone,edu.org,,WA,$133.88,12/07/2023,edu.org
1747.0,Clark Maximoff,yahoo.com,Journalism,WA,"$1,778.79",pending,yahoo.com
1252.0,Steve Rogers,gmail.com,,TX,"$1,259.08",2023-10-21,gmail.com
1021.0,Bruce Kent,yahoo.com,Agriculture,FL,$445.85,07/24/2023,yahoo.com
1459.0,Hal Allen,yahoo.com,Art,,$179.43,03-13-2023,yahoo.com
1276.0,Charlie Brown,stark.com,Math,NV, $889.69 ,"Dec 24, 2023",stark.com
1955.0,Bob Wayne,yahoo.com,Business,CA,"$1,659.17",2023-06-22,yahoo.com
1385.0,Arthur Connor,stark.com,History,FL,$260.44,12-20-2023,stark.com
1805.0,Victor Smith,yahoo.com,Biology,WA,"$1,134.79","Dec 15, 2023",yahoo.com
1343.0,Victor Doe,skynet.com,Business,NJ,$669.93,2023-02-20,skynet.com
1769.0,Barry Wayne,gmail.com,Engineering,NJ,"$1,809.46",06/18/2023,gmail.com
1130.0,Barry Jones,edu.org,Art,, $145.57 ,10-28-2023,edu.org
1871.0,Arthur Wayne,gmail.com,Art,NJ,"$1,619.10",05-07-2023,gmail.com
1087.0,John Stone,gmail.com,Computer Science,KS,"$1,582.76",2023/05/27,gmail.com
1330.0,Diana Maximoff,edu.org,,AZ, $862.30 ,10-18-2023,edu.org
1466.0,Steve Allen,edu.org,Journalism,,$389.22,10-20-2023,edu.org
1121.0,Charlie Rogers,stark.com,History,AZ,"$1,746.27","Aug 17, 2023",stark.com
1299.0,Peter Wayne,dailybugle.com,Journalism,KS,$689.05,2023-06-06,dailybugle.com
,Charlie Brown,yahoo.com,Business,KS," $1,875.22 ",unknown,yahoo.com
